material_id,phase,checkpoint,title,current_exercise_minutes,model_low,model_central,model_high,current_minus_central,model_status,input_english_words,task_units,source_count,english_output_targets,japanese_output_targets,provisional_target_minutes,target_change,action
E001,P1,false,都市・地方で医療アクセスが異なる理由,46,20.6,30.7,41.8,15.3,loose,494,9,1,-,-,35,-11,shorten
E002,P1,false,遠隔医療はアクセスを改善しても対面診療を代替できるか,50,22.7,34,46.3,16,loose,717,8,1,-,-,40,-10,shorten
E006,P1,true,Bundle 1 Checkpoint｜アクセス・格差・高齢化,50,21.8,32.3,43.8,17.7,loose,656,8,1,-,-,40,-10,shorten
E008,P1,false,個人データ利用：利便性とプライバシー,51,14,20.3,27.1,30.7,loose,518,7,1,-,-,30,-21,shorten
E012,P1,true,Bundle 2 Checkpoint｜AI・プライバシー・投資・危機対応,49,22.6,33.2,44.8,15.8,loose,789,8,1,-,-,40,-9,shorten-slightly
E015,P1,false,食料供給網：効率性とresilience,51,15.4,22.1,29.3,28.9,loose,656,7,1,-,-,30,-21,shorten
E018,P1,true,Bundle 3 Checkpoint｜交通・供給網・仕事・翻訳,49,21.9,32,43.1,17,loose,758,8,1,-,-,40,-9,shorten-slightly
E020,P1,false,限られた公共予算をどう配分するか,50,19.1,28.5,38.7,21.5,loose,488,8,1,-,-,35,-15,shorten
E024,P1,true,Bundle 4 Checkpoint｜予算・水供給・仕事・警報,49,21.8,31.9,42.9,17.1,loose,749,8,1,-,-,40,-9,shorten-slightly
E027,P1,false,研究結果を社会へどう伝えるか,50,16.5,24.2,32.3,25.8,loose,641,8,1,-,-,30,-20,shorten
E030,P1,true,Bundle 5 Checkpoint｜健康情報・研究・文化保存・同意,49,25.6,38,51.4,11,soft,732,12,1,-,-,40,-9,shorten-slightly
E034,P1,false,研究の限界をどう認めるか,50,18.9,28.2,38.3,21.8,loose,467,8,1,-,-,35,-15,shorten
E036,P1,true,Bundle 6 Checkpoint｜選択・優先順位・研究判断,49,24.5,36.3,49.1,12.7,loose,725,11,1,-,-,40,-9,shorten-slightly
E038,P1,false,学校の開始時刻をどう提案するか,50,25,37.9,51.6,12.1,loose,489,14,1,-,-,45,-5,shorten-slightly
E042,P1,true,Bundle 7 Checkpoint｜提案・判断・異議,49,24.8,36.6,49.4,12.4,loose,754,11,1,-,-,40,-9,shorten-slightly
E043,P2,false,生物多様性保全：文の骨格を見抜く,53,14.1,21.1,28.5,31.9,loose,567,6,1,-,-,30,-23,shorten
E045,P2,false,学習法：知っている表現を思い出す,51,19.2,28.5,38.7,22.5,loose,522,8,1,-,-,35,-16,shorten
E046,P2,false,消費行動：正確な英文を組み立てる,50,18.2,26.6,35.8,23.4,loose,618,6,1,-,-,30,-20,shorten
E048,P2,true,P2 Bridge 1 Checkpoint｜構造・想起・正確性・速度,54,24.9,36.4,48.9,17.6,loose,869,10,1,-,-,45,-9,shorten-slightly
E050,P2,false,歴史記述：this・they・suchを追う,50,20.8,30.6,40.9,19.4,loose,727,12,1,-,-,35,-15,shorten
E053,P2,false,予防情報：段落をつなぐ,56,20.4,30.3,41.1,25.7,loose,688,7,1,-,-,35,-21,shorten
E054,P2,true,P2 Bridge 2 Checkpoint｜文脈・照応・自然さ・cohesion,55,28.8,42.7,57.6,12.3,loose,864,14,1,-,-,45,-10,shorten
E055,P2,false,障害のある人のスポーツ参加：同じ扱いは本当に公平か,54,20.8,31,41.6,23,loose,712,11,2,-,-,35,-19,shorten
E058,P2,false,研究紹介：長い名詞句をほどいて日本語で説明する,54,27.6,40.6,54.2,13.4,loose,541,15,1,-,65,45,-9,shorten-slightly
E060,P2,true,B010 Checkpoint：段落機能・主旨・日本語出力・構造処理,56,24.5,36,48,20,loose,496,11,2,-,75,45,-11,shorten
E061,P2,false,生成AIと仕事：研究結果はどこまで言い切れるか,54,22.5,33.9,46,20.1,loose,554,11,1,-,-,40,-14,shorten
E066,P2,true,B011 Checkpoint：確信度・情報構造・日本語出力,56,27.3,40.7,54.7,15.3,loose,584,12,4,-,60,45,-11,shorten
E068,P2,false,録画授業は学習機会を広げるか：2つの立場を比較する,56,22.9,36.4,50.3,19.6,loose,546,10,8,-,-,40,-16,shorten
E071,P2,false,再生可能エネルギーの蓄電：2本文を複数形式へ変換する,56,29.8,45.8,62.4,10.2,soft,532,11,8,-,80,50,-6,shorten-slightly
E072,P2,true,B012 Checkpoint：複数本文比較・形式適応・情報構造,57,30.1,46.2,62.8,10.8,soft,490,12,8,-,80,50,-7,shorten-slightly
E073,P2,false,地下空間の案内設計：知らない題材でも本文から組み立てる,54,21.9,33.1,45,20.9,loose,544,10,1,-,-,35,-19,shorten
E074,P2,false,図書館の夜間開館：本文と表を一緒に読んで判断する,54,25.6,39.3,53.8,14.7,loose,543,13,2,-,-,45,-9,shorten-slightly
E078,P2,true,B013 Checkpoint：未知題材・本文＋表・複数資料判断,57,27.8,42,56.7,15,loose,525,14,2,-,60,45,-12,shorten
E079,P2,false,研究資金の配分：圧縮された学術文を展開して読む,54,17.4,26.1,35.1,27.9,loose,483,11,1,-,-,30,-24,shorten
E080,P2,false,古い地図の余白：本文からどこまで推論してよいか,54,13.5,19.8,26.4,34.2,loose,501,7,1,-,-,30,-24,shorten
E081,P2,false,地域イベントの評価：全文をコピーせず要約する,54,24.9,35.3,46.4,18.7,loose,440,10,1,62.5,-,40,-14,shorten
E084,P2,true,B014 Checkpoint：推論・圧縮構造・要約・非連続資料,57,34.3,49.6,65.8,7.4,soft,496,11,4,62.5,60,55,-2,keep-or-minor-adjust
E085,P2,false,研究予測：断定しすぎない答案へ直す,56,26.9,37.9,50.6,18.1,loose,411,11,1,70,-,40,-16,shorten
E086,P2,false,地域交通の実証実験：本文の論理を別の提案へ転用する,53,26.1,36.5,48.8,16.5,loose,394,8,1,90,-,40,-13,shorten
E087,P2,false,公共空間の夜間利用：短い構想から読み手に届く段落へ,57,31.7,45.7,61.5,11.3,soft,349,13,1,100,-,50,-7,shorten-slightly
E090,P2,true,B015 Checkpoint：要約から本文連動英作文へ,58,42.5,59.9,80.4,-1.9,balanced,369,12,4,"62.5,100",-,60,2,keep-or-minor-adjust
E091,P2,false,空き店舗の再利用：問題に対応する解決策を読む,54,14.1,20.9,28,33.1,loose,464,8,1,-,-,30,-24,shorten
E092,P2,false,公共施設のキャンセル対策：問題に合う提案を書く,57,26.6,36.9,49,20.1,loose,317,9,1,100,-,40,-17,shorten
E093,P2,false,学習支援予算：複数基準で優先順位を決める,56,28.1,39.5,52.6,16.5,loose,298,11,1,100,-,45,-11,shorten
E096,P2,true,P2 Final Checkpoint：複数資料・日本語出力・要約・英作文,59,46.6,64,85,-5,balanced,422,12,2,"57.5,100",65,60,1,keep-or-minor-adjust
E097,P3,false,都市の暑熱対策：複数基準で最初の投資先を決める,59,33.4,47.2,62.9,11.8,soft,456,13,2,110,-,50,-9,shorten-slightly
E100,P3,false,食品ロス削減：記事・集計表・店頭案内を要約へ統合する,58,25.4,36,47.5,22,loose,385,8,3,80,-,40,-18,shorten
E102,P3,true,B017 Checkpoint：混合資料から要約・比較・判断を書く,59,42.9,59.3,79.2,-0.3,balanced,453,11,3,"67.5,110",-,60,1,keep-or-minor-adjust
E104,P3,false,科学政策の高密度英文：並列・挿入・名詞化をほどいて和訳する,55,17.4,26.7,36.2,28.3,loose,419,11,1,-,-,35,-20,shorten
E105,P3,false,オンライン授業の設計：二つの立場を比較し、条件付きで判断する,59,34.7,49.5,66.2,9.5,soft,453,14,2,110,-,55,-4,keep-or-minor-adjust
E108,P3,true,B018 Checkpoint：高密度英文・二本文比較・混合資料を60分で処理する,59,40.7,57,76.4,2,balanced,447,11,3,"57.5,90",-,55,-4,keep-or-minor-adjust
E109,P3,false,供給網の「余裕」：知らない概念を本文だけで組み立てる,55,24.8,34.5,45.9,20.5,loose,477,9,1,60,-,40,-15,shorten
E113,P3,false,健診案内の届き方：本文・FAQ・表から参加障壁を特定する,58,36.2,51.2,68.2,6.8,balanced,390,11,3,90,80,55,-3,keep-or-minor-adjust
E114,P3,true,B019 Checkpoint：未知概念・指示・断定度・自然さを切り替える,58,37.1,52.9,70.7,5.1,balanced,467,11,3,90,70,55,-3,keep-or-minor-adjust
E117,P3,false,電力需要の変化：原因の連鎖を切らずに説明する,57,25,34.1,45,22.9,loose,445,6,1,100,-,35,-22,shorten
E119,P3,false,情報ラベルの効果：複数資料から譲歩と中心主張を再構成する,58,39.5,56.6,75.8,1.4,balanced,439,12,3,100,80,55,-3,keep-or-minor-adjust
E120,P3,true,B020 Checkpoint：譲歩・一般化・因果を本番型で統合する,58,44.5,62.4,83.5,-4.4,balanced,502,13,3,"62.5,100",-,60,2,keep-or-minor-adjust
E122,P3,false,運動習慣の研究：複数段落を英語で要約する,57,26.6,37.3,48.9,19.7,loose,408,11,1,80,-,40,-17,shorten
E125,P3,false,食品寄付の安全ルール：例外条件を混合資料から判断する,58,34.4,48.8,65.3,9.2,soft,400,9,3,85,80,50,-8,shorten-slightly
E126,P3,true,B021 Checkpoint：例外・限定・英語要約を混合資料で統合する,58,42.6,59,78.8,-1,balanced,467,11,3,"72.5,100",-,60,2,keep-or-minor-adjust
E127,P3,false,都市の騒音対策：何を問うと原因が見えるか,55,25.6,35.5,47.2,19.5,loose,518,9,1,65,-,40,-15,shorten
E131,P3,false,避難支援の登録：記事・FAQ・表から原因を日本語で統合する,55,25.8,38.3,51.6,16.7,loose,434,8,4,-,155,40,-15,shorten
E132,P3,true,B022 Checkpoint：問い→答え・日本語要約・日英切替を混合資料で統合する,55,36,50.3,66.1,4.7,balanced,460,9,3,80,155,50,-5,shorten-slightly
E133,P3,false,都市の暑さ対策：文の役割から挿入位置を決める,55,24.5,34.4,46,20.6,loose,400,10,1,55,-,35,-20,shorten
E137,P3,false,AI翻訳の二本文：立場をまたいで挿入根拠を説明する,55,27,38.7,52,16.3,loose,396,9,4,70,-,40,-15,shorten
E138,P3,true,B023 Checkpoint：空所・文挿入・段落機能を60分で統合する,55,19.6,30.8,42.3,24.2,loose,422,11,4,-,-,50,-5,shorten-slightly
E141,P3,false,二つの教育提案：比較して英語で要約し判断する,55,40.5,55.9,74.5,-0.9,balanced,344,9,4,"80,100",-,55,0,keep-or-minor-adjust
E143,P3,false,地域の食品共有制度：混合資料から提案を書く,55,24.8,33.8,44.6,21.2,loose,349,6,1,110,-,35,-20,shorten
E144,P3,true,B024 Checkpoint：複数形式を切り替えて60分で処理する,55,43.2,60.1,80.3,-5.1,balanced,424,11,5,"72.5,100",-,60,5,review-overload
E145,P3,false,修理可能性スコア：未知概念を本文だけで組み立てる,55,25.8,35.9,47.6,19.1,loose,534,8,1,75,-,40,-15,shorten
E147,P3,false,柔軟勤務の二制度：比較して英語で要約し評価する,55,38.8,53.1,70.8,1.9,balanced,308,8,4,"80,100",-,55,0,keep-or-minor-adjust
E150,P3,true,B025 Checkpoint：初見概念・表・要約・提案を60分で統合する,55,40.2,55.3,73.6,-0.3,balanced,469,8,4,"72.5,100",-,55,0,keep-or-minor-adjust
E152,P3,false,沿岸観測ネットワーク：高密度文と因果連鎖を統合する,55,22.8,33.7,45.1,21.3,loose,382,9,2,-,115,35,-20,shorten
E153,P3,false,図書館デジタル化の二案：比較して要約し評価する,55,38.8,53.5,71.5,1.5,balanced,281,8,4,"80,100",-,55,0,keep-or-minor-adjust
E156,P3,true,B026 Checkpoint：未知概念・因果・複数資料・作文を60分で統合する,55,41.7,58.6,78.6,-3.6,balanced,417,9,4,"72.5,100",-,60,5,keep-or-minor-adjust
E157,P3,false,自己選択バイアス：満足度調査は誰の声を拾うか,55,25.1,34.5,45.8,20.5,loose,498,8,1,75,-,40,-15,shorten
E159,P3,false,大学の学習支援：一律支援と対象支援を比較して評価する,55,39.4,54.3,72.4,0.7,balanced,335,8,4,"80,100",-,55,0,keep-or-minor-adjust
E162,P3,true,B027 Checkpoint：未知概念・複数資料・要約・提案を本番型で統合する,56,42.9,60.4,81.1,-4.4,balanced,439,10,4,"72.5,100",-,60,4,keep-or-minor-adjust
E163,P3,false,平均への回帰：改善が介入の効果とは限らない,55,26.1,36.5,48.6,18.5,loose,465,9,1,75,-,40,-15,shorten
E165,P3,false,授業録画の二制度：全面公開と選択公開を比較して評価する,55,38.9,53.6,71.6,1.4,balanced,286,8,4,"80,100",-,55,0,keep-or-minor-adjust
E168,P3,true,B028 Checkpoint：初見概念・高密度文・複数資料・作文を60分で処理する,57,40.6,56.5,75.6,0.5,balanced,444,8,4,"72.5,100",-,55,-2,keep-or-minor-adjust
E169,P3,false,基準率の落とし穴：目立つ事例だけで確率を判断しない,57,26.4,37,49.4,20,loose,452,9,2,75,-,40,-17,shorten
E170,P3,false,都市の熱対策：高密度文と表から平均値・ピーク・公平性を読む,55,21.5,31.3,41.7,23.7,loose,383,8,2,-,115,35,-20,shorten
E174,P3,true,B029 Checkpoint：初見概念・高密度文・表・要約・提案を模試型で統合する,58,40.4,55.5,74,2.5,balanced,492,8,4,"72.5,100",-,55,-3,keep-or-minor-adjust
E175,P3,false,可視事例の偏り：見えている例だけで判断しない,57,26.8,37.8,50.5,19.2,loose,456,9,2,75,-,40,-17,shorten
E180,P3,true,B030 Checkpoint：情報鮮度・高密度文・表・要約・提案を総合模試型で統合する,58,41.4,57,75.9,1,balanced,488,9,4,"72.5,100",-,55,-3,keep-or-minor-adjust
E183,P3,false,一度の大規模調査か、小規模な反復観察か：二つの調査設計を比較する,57,40.1,55,73.2,2,balanced,341,9,4,"80,100",-,55,-2,keep-or-minor-adjust
E185,P3,false,復習間隔と記憶成績：相関から因果説明を作りすぎない,57,28.4,39.8,53,17.2,loose,329,9,2,110,-,45,-12,shorten
E186,P3,true,B031 Checkpoint：言い換え・指示語・譲歩・複数資料・比較作文を統合する,58,40.4,55.4,73.6,2.6,balanced,435,9,3,"77.5,100",-,55,-3,keep-or-minor-adjust
E189,P3,false,匿名フィードバックと公開フィードバック：二制度を評価する,55,39.6,54.2,72,0.8,balanced,322,10,2,"80,100",-,55,0,keep-or-minor-adjust
E190,P3,false,古いモデルは「誤り」になったのか：旧説から新説への更新を読む,54,13.3,20.1,27,33.9,loose,361,8,1,-,-,35,-19,shorten
E192,P3,true,B032 Checkpoint：主旨・例外・旧説更新・複数資料・評価を総合する,58,44.6,62,82.7,-4,balanced,513,12,3,"77.5,100",-,60,2,keep-or-minor-adjust
E194,P3,false,代理指標は目的そのものではない：高密度文から測定の限界を読む,56,12.3,18.6,24.9,37.4,loose,369,7,1,-,-,35,-21,shorten
E195,P3,false,古い建物を残すとはどういうことか：二本文要約から本文連動作文へ,56,36.3,48.6,64.2,7.4,soft,304,7,2,"82.5,100",-,50,-6,shorten-slightly
E197,P3,false,選択肢の初期設定は行動をどう変えるか：本文の考え方を別場面へ転用する,57,25.6,35.1,46.4,21.9,loose,329,7,1,110,-,40,-17,shorten
E198,P3,true,B033 Checkpoint：段落機能・文挿入・高密度文・要約・本文連動作文を統合する,58,42.4,58.3,77.5,-0.3,balanced,470,11,2,"77.5,100",-,60,2,keep-or-minor-adjust
E201,P3,false,平均値の改善は誰の改善か：高密度文・表・和訳から分布を読む,58,12.3,19.1,25.9,38.9,loose,295,7,2,-,-,35,-23,shorten
E202,P3,false,速く決めるか、深く検討するか：二本文要約から条件付き評価を書く,56,38.3,51.8,68.5,4.2,balanced,282,8,2,"82.5,110",-,55,-1,keep-or-minor-adjust
E204,P3,true,P3 Final Gate：初見概念・高密度文・複数資料・要約・記述・英作文を60分で統合する,58,46.2,64.8,86.5,-6.8,tight,524,12,3,"77.5,110",-,60,2,review-overload
