発想ID,Topic family ID,発想・論点,種別,内容（日本語）,再利用可能な論理骨格,英語化の方向（例）,関連LEXG IDs,関連思考レンズID,重要度,初出教材ID,再登場役割,再登場窓,備考
IDEA0001,TF01,地域差は人材だけでなく制度・インフラにも左右される,Cause,医療アクセスの差を単なる医師数だけでなく、交通・設備・制度を含む構造として捉える,single cause → multiple structural factors,A shortage of professionals may be only one part of a broader access problem.,,TL01,High,,Introduce→Recall→Transfer,+2〜6 Recall / +7〜18 Transfer
IDEA0002,TF01,インセンティブは短期効果と定着を分けて考える,Solution/Limit,金銭的支援で人を呼べても、長期定着には労働環境やキャリア機会が必要になりうる,short-term attraction → long-term retention,Financial incentives may help in the short term but may not address the conditions needed for long-term retention.,,,High,,Introduce→Recall→Transfer,+2〜6 Recall / +7〜18 Transfer
IDEA0003,TF01,技術はアクセスを改善しても対面サービスを完全代替しない,Trade-off,遠隔技術は距離の壁を下げる一方、診察・設備・デジタル格差など限界がある,technology expands access → residual constraints,Technology can improve access without eliminating the need for in-person services.,,TL03,High,,Introduce→Recall→Transfer,+2〜6 Recall / +7〜18 Transfer
IDEA0004,TF02,予防は将来負担を減らし得る,Benefit,早期の予防や健康行動への投資は、後の疾病負担や費用を減らす可能性がある,upfront prevention → avoided future burden,Preventive measures may reduce both future health risks and long-term social costs.,,,High,,Introduce→Recall→Transfer,+2〜6 Recall / +7〜18 Transfer
IDEA0005,TF02,参加率は知識だけでなく信頼とアクセスに左右される,Cause,健康施策への参加は情報提供だけでなく、制度への信頼や利用しやすさにも依存する,information + trust + access → uptake,Providing information alone may not be enough if people lack trust or access.,,,High,,Introduce→Recall→Transfer,+2〜6 Recall / +7〜18 Transfer
IDEA0006,TF02,個人の選択と他者への影響を分けて考える,Trade-off,健康上の選択が本人だけでなく他者にも影響する場合、自由と公共利益の調整が論点になる,private choice → external effects,A choice that seems personal can become a public issue when it affects other people.,,TL06,High,,Introduce→Recall→Transfer,+2〜6 Recall / +7〜18 Transfer
IDEA0007,TF03,人口構成の変化はケア需要を変える,Cause,高齢化や世帯構成の変化によって介護・医療・生活支援の需要が増える,demographic change → service demand,Demographic change can increase demand for care even when the total population is stable or falling.,,,High,,Introduce→Recall→Transfer,+2〜6 Recall / +7〜18 Transfer
IDEA0008,TF03,家族だけにケアを依存すると負担が偏る,Risk,非公式ケアへの過度な依存は就労・健康・所得への負担を特定の家族員に集中させうる,private care concentration → hidden costs,Relying heavily on family care can shift substantial costs onto individual households.,,TL01,High,,Introduce→Recall→Transfer,+2〜6 Recall / +7〜18 Transfer
IDEA0009,TF03,公的支援は家族ケアを補完できる,Solution,制度支援を家族責任との二者択一ではなく補完関係として設計する,public support complements private care,Public support can complement rather than replace care provided by families.,,,High,,Introduce→Recall→Transfer,+2〜6 Recall / +7〜18 Transfer
IDEA0010,TF04,同じ扱いと公平な機会は同じではない,Principle,出発条件が異なる場合、全員に同じ支援をすることが同じ機会につながるとは限らない,equal inputs ≠ equal opportunity,Treating everyone in the same way does not always create equal opportunities.,,TL01,High,E055,Introduce→Recall→Transfer,+2〜6 Recall / +7〜18 Transfer
IDEA0011,TF04,格差には個人要因と構造要因がある,Cause,所得・教育・地域・制度上の障壁など複数層で原因を考える,individual + structural causes,Differences in outcomes may reflect both individual choices and structural barriers.,,TL02,High,,Introduce→Recall→Transfer,+2〜6 Recall / +7〜18 Transfer
IDEA0012,TF04,対象を絞った支援には効率と公平の両論点がある,Trade-off,targeted supportは必要度の高い人に資源を集中できる一方、線引きや漏れも生む,targeting improves focus → eligibility costs,"Targeted support can focus resources where they are needed most, but it also requires difficult eligibility decisions.",,TL01,High,,Introduce→Recall→Transfer,+2〜6 Recall / +7〜18 Transfer
IDEA0013,TF05,アクセス拡大と学習の質は別問題,Principle,オンライン化などで参加しやすくなっても、学習成果まで自動的に改善するとは限らない,access ≠ quality/outcome,Expanding access to education does not automatically improve learning outcomes.,,TL03,High,,Introduce→Recall→Transfer,+2〜6 Recall / +7〜18 Transfer
IDEA0014,TF05,標準化は比較可能性を高めるが多様性を捉えにくい,Trade-off,共通試験や標準評価は比較に役立つ一方、測れない能力もある,comparability vs breadth,Standardized assessment can improve comparability while overlooking abilities that are harder to measure.,,TL01,High,,Introduce→Recall→Transfer,+2〜6 Recall / +7〜18 Transfer
IDEA0015,TF05,教育投資は長期便益を持つが効果発現に時間がかかる,Time horizon,教育政策は短期成果だけでなく将来の技能・所得・社会参加まで見る,short-term cost → long-term capability,Educational investment may take time to show results but can have long-term effects on skills and opportunity.,,,High,,Introduce→Recall→Transfer,+2〜6 Recall / +7〜18 Transfer
IDEA0016,TF06,技術の効果は導入方法で変わる,Principle,技術そのものの性能だけでなく、利用者教育・運用・監督が成果を左右する,technology + implementation → outcome,The impact of a technology depends not only on what it can do but also on how it is introduced and used.,,TL03,High,,Introduce→Recall→Transfer,+2〜6 Recall / +7〜18 Transfer
IDEA0017,TF06,自動化は仕事を消すだけでなく仕事の中身を変える,Effect,職業単位ではなくtask単位で代替・補完を見る,automation replaces some tasks and complements others,Automation may replace some tasks while increasing the value of others.,,TL03,High,,Introduce→Recall→Transfer,+2〜6 Recall / +7〜18 Transfer
IDEA0018,TF06,高リスク領域ではhuman oversightが重要になる,Safeguard,医療・運転など誤りの損失が大きい領域では人間による確認・責任設計が必要,higher stakes → stronger oversight,"The higher the cost of an error, the stronger the case for meaningful human oversight.",,,High,,Introduce→Recall→Transfer,+2〜6 Recall / +7〜18 Transfer
IDEA0019,TF07,情報量が増えても情報の質は自動的に上がらない,Principle,アクセス容易化と信頼性を分けて評価する,more information ≠ better information,Greater access to information does not necessarily make people better informed.,,,High,,Introduce→Recall→Transfer,+2〜6 Recall / +7〜18 Transfer
IDEA0020,TF07,プライバシー保護と利便性には交換関係がある,Trade-off,データ利用でサービス向上が可能でも、収集範囲・目的・同意が論点になる,data utility vs privacy,"Using more personal data can improve services, but it also raises questions about consent and control.",,TL06,High,,Introduce→Recall→Transfer,+2〜6 Recall / +7〜18 Transfer
IDEA0021,TF07,誤情報対策は削除だけでなく信頼できる情報への到達性も重要,Solution,moderation・source verification・media literacyなど複数手段を組み合わせる,restriction + verification + literacy,Reducing misinformation may require both limiting harmful spread and making reliable information easier to identify.,,,High,,Introduce→Recall→Transfer,+2〜6 Recall / +7〜18 Transfer
IDEA0022,TF08,環境損失は市場価格に十分反映されないことがある,Externality,生態系損失など第三者・将来世代へのコストを考える,private benefit → external environmental cost,An activity can be profitable while imposing environmental costs on others.,,TL05,High,,Introduce→Recall→Transfer,+2〜6 Recall / +7〜18 Transfer
IDEA0023,TF08,保全策は地域住民の生活と両立しないと持続しにくい,Implementation,保護区域や観光規制を地域経済・受容性と合わせて考える,conservation + local livelihoods,Conservation policies are more likely to last when they also consider the needs of local communities.,,TL05,High,,Introduce→Recall→Transfer,+2〜6 Recall / +7〜18 Transfer
IDEA0024,TF08,個人行動と制度設計を二者択一にしない,Solution,消費者行動だけでなく企業・規制・インフラも環境負荷を左右する,individual behavior + system design,"Individual choices matter, but the options people have are also shaped by systems and institutions.",,TL02,High,,Introduce→Recall→Transfer,+2〜6 Recall / +7〜18 Transfer
IDEA0025,TF09,安定供給・費用・環境負荷は同時に比較する,Trade-off,単一指標でエネルギー源を評価せず複数軸を見る,multi-criteria evaluation,"Energy choices should be compared in terms of reliability, cost, and environmental impact rather than a single measure.",,TL05,High,,Introduce→Recall→Transfer,+2〜6 Recall / +7〜18 Transfer
IDEA0026,TF09,初期費用と長期便益を分ける,Time horizon,インフラ投資は導入コストが高くても運用期に便益が出ることがある,upfront cost → long-term benefit,A policy with high initial costs may still be worthwhile if it produces durable long-term benefits.,,,High,,Introduce→Recall→Transfer,+2〜6 Recall / +7〜18 Transfer
IDEA0027,TF09,供給源の多様化はresilienceを高め得る,Resilience,一つの供給源への依存を減らすことで価格・災害等のリスクを分散する,diversification → resilience,Diversifying energy sources can reduce dependence on any single source of supply.,,,High,,Introduce→Recall→Transfer,+2〜6 Recall / +7〜18 Transfer
IDEA0028,TF10,効率性とresilienceは一致しない,Trade-off,在庫削減や単一供給源は平時効率的でもショックに弱い場合がある,efficiency vs redundancy/resilience,The most efficient supply chain in normal times may not be the most resilient during a disruption.,,,High,,Introduce→Recall→Transfer,+2〜6 Recall / +7〜18 Transfer
IDEA0029,TF10,消費者行動は価格・選択肢・情報に左右される,Cause,個人責任だけでなくchoice architectureや供給側も見る,behavior shaped by incentives/options,"Consumers make choices within a system of prices, information, and available options.",,TL02,High,,Introduce→Recall→Transfer,+2〜6 Recall / +7〜18 Transfer
IDEA0030,TF10,買いだめは個人合理性と集団結果がずれる例になる,Collective action,個人には合理的な備蓄が、全員同時だと不足を悪化させることがある,individually rational → collectively harmful,A choice that seems rational for one person can create shortages when many people make the same choice at once.,,,High,,Introduce→Recall→Transfer,+2〜6 Recall / +7〜18 Transfer
IDEA0031,TF11,人口減少下では固定費の高いサービス維持が難しくなる,Cause,利用者減でも路線・施設維持に必要な固定費は残る,declining demand + fixed cost,Public services can become harder to maintain when demand falls but fixed costs remain.,,,High,,Introduce→Recall→Transfer,+2〜6 Recall / +7〜18 Transfer
IDEA0032,TF11,アクセス改善は利用者だけでなく地域全体へ波及する,Benefit,交通・図書館・歩行環境は教育・健康・商業など複数領域に波及する,service access → wider local benefits,Improving local access can create benefits beyond the people who directly use a service.,,,High,,Introduce→Recall→Transfer,+2〜6 Recall / +7〜18 Transfer
IDEA0033,TF11,観光の便益と住民負担を同じ軸で見る,Trade-off,収入・雇用と混雑・住宅・環境負荷を比較する,visitor benefit vs resident cost,"Tourism can support local economies while also increasing pressure on housing, transport, and public space.",,,High,,Introduce→Recall→Transfer,+2〜6 Recall / +7〜18 Transfer
IDEA0034,TF12,柔軟性は便益だが調整コストを生む,Trade-off,remote/flexible workは通勤や両立に利点がある一方、協働・評価の課題もある,flexibility vs coordination,Flexible work can improve autonomy while making coordination and communication more difficult.,,,High,,Introduce→Recall→Transfer,+2〜6 Recall / +7〜18 Transfer
IDEA0035,TF12,労働市場変化では職種よりtaskの変化を見る,Effect,技術導入で仕事全体が消えるとは限らず必要技能が変わる,task change → skill demand change,Technological change often alters the tasks within jobs before it eliminates entire occupations.,,TL03,High,,Introduce→Recall→Transfer,+2〜6 Recall / +7〜18 Transfer
IDEA0036,TF12,保護と参入容易性のバランスがある,Trade-off,gig work等では柔軟な参入と所得安定・保障を同時に考える,flexibility vs worker protection,A flexible labor market can create opportunities while leaving some workers with less security.,,TL01,High,,Introduce→Recall→Transfer,+2〜6 Recall / +7〜18 Transfer
IDEA0037,TF13,越境課題は単独国では解きにくい,Principle,感染症・気候・難民などは影響と原因が国境を越える,cross-border problem → cooperation,Problems that cross borders often require coordination that no single country can provide alone.,,,High,,Introduce→Recall→Transfer,+2〜6 Recall / +7〜18 Transfer
IDEA0038,TF13,負担分担では能力と受益の両方が論点になる,Fairness,誰がどれだけ負担するかを能力・責任・利益など複数基準で考える,burden-sharing by capacity/responsibility/benefit,"International burden-sharing can be judged by several criteria, including capacity, responsibility, and benefit.",,TL01,High,,Introduce→Recall→Transfer,+2〜6 Recall / +7〜18 Transfer
IDEA0039,TF13,全体便益と地域調整コストを分ける,Trade-off,全体便益があっても特定地域・産業に損失が集中する場合がある,aggregate benefit vs concentrated cost,A policy can produce overall gains while imposing substantial costs on particular groups or regions.,,TL01,High,,Introduce→Recall→Transfer,+2〜6 Recall / +7〜18 Transfer
IDEA0040,TF14,権利制限は目的だけでなく必要性と範囲で考える,Principle,公共目的が正当でも手段が必要以上に広くないかを検討する,legitimate aim → necessity → proportionality,A legitimate public goal does not by itself justify every restriction used to pursue it.,,TL06,High,,Introduce→Recall→Transfer,+2〜6 Recall / +7〜18 Transfer
IDEA0041,TF14,公共予算は機会費用を伴う,Trade-off,一分野への支出は他の用途に使えないため優先順位の理由が必要,budget choice → opportunity cost,Spending more in one area means having fewer resources available for another.,,,High,,Introduce→Recall→Transfer,+2〜6 Recall / +7〜18 Transfer
IDEA0042,TF14,参加と説明責任は制度への信頼に関係する,Governance,意思決定への参加機会や理由説明が受容性を左右しうる,participation/accountability → legitimacy/trust,People may be more willing to accept difficult decisions when the process is transparent and accountable.,,,High,,Introduce→Recall→Transfer,+2〜6 Recall / +7〜18 Transfer
IDEA0043,TF15,保存と開発は完全な二者択一ではない,Trade-off,用途転換・部分保存・デジタル化など中間案を考える,preserve vs adapt,Preserving cultural heritage does not always require keeping every aspect unchanged.,,TL03,High,,Introduce→Recall→Transfer,+2〜6 Recall / +7〜18 Transfer
IDEA0044,TF15,歴史の説明には複数の視点があり得る,Perspective,単一物語ではなく資料・立場・文脈の違いを扱う,multiple perspectives on shared past,The same historical event can be understood differently depending on whose experiences are emphasized.,,TL01,High,,Introduce→Recall→Transfer,+2〜6 Recall / +7〜18 Transfer
IDEA0045,TF15,デジタル保存はアクセスを広げても実物を代替しない,Trade-off,digital accessの便益とmaterial contextの損失を分ける,digital access vs material experience,Digital preservation can widen access without fully replacing the value of physical objects and places.,,,High,,Introduce→Recall→Transfer,+2〜6 Recall / +7〜18 Transfer
IDEA0046,TF16,共通語は意思疎通を助けるが多様性を弱め得る,Trade-off,共通語の効率と少数言語・文化の維持を比較する,communication efficiency vs linguistic diversity,A common language can make communication easier while placing pressure on smaller languages.,,,High,,Introduce→Recall→Transfer,+2〜6 Recall / +7〜18 Transfer
IDEA0047,TF16,機械翻訳は速度と費用を改善しても文脈判断に限界がある,Technology limit,低リスク用途と高リスク用途を分けて考える,speed/cost vs contextual accuracy,"Machine translation can improve speed and access, but errors matter more in high-stakes settings.",,TL03,High,,Introduce→Recall→Transfer,+2〜6 Recall / +7〜18 Transfer
IDEA0048,TF16,通訳へのアクセスはサービスへのアクセスでもある,Access,医療・行政などでは言語障壁が情報理解や同意に影響する,language access → service access,Language support can be essential to meaningful access to health care and public services.,,TL01,High,,Introduce→Recall→Transfer,+2〜6 Recall / +7〜18 Transfer
IDEA0049,TF17,危機前の投資は成果が見えにくい,Prevention,被害が起きなかったことが成果になるため過小評価されやすい,invisible avoided loss,Preparedness is difficult to value because its success may appear as damage that never occurs.,,,High,,Introduce→Recall→Transfer,+2〜6 Recall / +7〜18 Transfer
IDEA0050,TF17,不確実性を隠すより範囲を伝える,Risk communication,断定しすぎず、分かっていること・不明なこと・行動を分けて示す,known/unknown/action,Effective risk communication should explain both what is known and what remains uncertain.,,,High,,Introduce→Recall→Transfer,+2〜6 Recall / +7〜18 Transfer
IDEA0051,TF17,同じ支援では脆弱性の差を埋められないことがある,Fairness,避難手段・情報アクセス・身体状況などに応じた支援が必要,equal aid vs need-based aid,Equal treatment may not produce equal safety when people face very different barriers.,,TL01,High,,Introduce→Recall→Transfer,+2〜6 Recall / +7〜18 Transfer
IDEA0052,TF18,参加機会の公平と競技結果の公平は別概念,Principle,誰でも参加できることと競技条件が公平であることを分ける,access fairness vs competitive fairness,Fair access to sport and fair competition are related but distinct goals.,,TL01,High,,Introduce→Recall→Transfer,+2〜6 Recall / +7〜18 Transfer
IDEA0053,TF18,運動機会には健康以外の社会的便益もある,Benefit,community・belonging・educationなど波及効果を考える,direct health benefit + social benefit,Access to physical activity can support not only health but also social participation and well-being.,,,High,,Introduce→Recall→Transfer,+2〜6 Recall / +7〜18 Transfer
IDEA0054,TF18,公的資金は便益の広がりと代替用途で評価する,Trade-off,大会・施設への支出を公共便益と機会費用の両方で考える,public benefit vs opportunity cost,Public funding for sport should be considered alongside both its wider benefits and the other uses of public money.,,,High,,Introduce→Recall→Transfer,+2〜6 Recall / +7〜18 Transfer
IDEA0055,TF19,便益とリスクは別々でなく同じ判断枠で比較する,Benefit/Risk,新しい治療・研究・技術は期待される便益だけでなく、害の大きさ・確率・不確実性も含めて評価する,expected benefit vs magnitude/probability/uncertainty of harm,A promising intervention should be judged by both its potential benefits and the risks and uncertainties it creates.,,,High,,Introduce→Recall→Transfer,+2〜6 Recall / +7〜18 Transfer
IDEA0056,TF19,同意は署名ではなく理解と自発性を含む,Autonomy,informed consentは情報提示だけでなく、理解・判断能力・自発性が確保されているかを見る,information → understanding → voluntary choice,Consent is meaningful only when people understand the relevant information and can make a voluntary choice.,,,High,,Introduce→Recall→Transfer,+2〜6 Recall / +7〜18 Transfer
IDEA0057,TF19,不確実な証拠では断定度を下げる,Evidence,限られた研究結果から広い結論へ飛躍せず、証拠の質と限界を明示する,evidence strength → claim strength,The strength of a conclusion should reflect the strength and limitations of the available evidence.,,,High,,Introduce→Recall→Transfer,+2〜6 Recall / +7〜18 Transfer
IDEA0058,TF02,自己選択された回答者は母集団をそのまま代表しない,Selection bias,回答する人と回答しない人が系統的に異なると、回答数が多くても母集団全体の意見や特徴を正確に表さない,self-selection → sample differs from target population,A large number of responses does not guarantee representativeness when participation is self-selected.,,TL01,High,E157,Introduce→Recall→Transfer,+2〜6 Recall / +7〜18 Transfer,P2–P4 content consolidation
IDEA0059,TF02,平均への回帰を介入効果と取り違えない,Causal inference,極端な値の後には自然に平均へ近づく変化が起こり得るため、改善をそのまま介入の効果とみなさない,extreme observation → natural movement toward average ≠ treatment effect,An extreme result may improve even without an intervention because later measurements often move closer to the average.,,,High,E163,Introduce→Recall→Transfer,+2〜6 Recall / +7〜18 Transfer,P2–P4 content consolidation
IDEA0060,TF02,確率判断では目立つ事例より基準率を見る,Probability,印象的な事例や検査結果だけでなく、事象が元々どれくらい起こるかという基準率を含めて判断する,salient evidence + base rate → calibrated probability,A striking case or test result should be interpreted together with how common the event is in the first place.,,,High,E169,Introduce→Recall→Transfer,+2〜6 Recall / +7〜18 Transfer,P2–P4 content consolidation
IDEA0061,TF19,細かい桁や高い精度表示は測定の信頼性を保証しない,Measurement,数値が細かく表示されても、測定誤差・校正・再現性が不十分なら実際の確かさは高くない,displayed precision ≠ measurement reliability,A measurement can look precise because it has many digits while still being uncertain or unreliable.,,,High,E182,Introduce→Recall→Transfer,+2〜6 Recall / +7〜18 Transfer,P2–P4 content consolidation
IDEA0062,TF19,代理指標は最終的に重要な結果そのものではない,Measurement,測りやすいproxyが便利でも、それが本当に重視するoutcomeを十分に表すかを別に検証する,proxy measure ≠ target outcome,A convenient proxy is useful only when it meaningfully represents the outcome that actually matters.,,,High,E194,Introduce→Recall→Transfer,+2〜6 Recall / +7〜18 Transfer,P2–P4 content consolidation
IDEA0063,TF19,観察研究の関連は交絡を除かない限り因果とは言えない,Causal inference,曝露群と非曝露群は開始時点から他の特徴も異なり得るため、観察された関連を因果効果と断定しない,association + confounding → limited causal claim,An observed association may reflect other differences between groups rather than the effect of the factor being studied.,,,High,E185,Introduce→Recall→Transfer,+2〜6 Recall / +7〜18 Transfer,P2–P4 content consolidation
IDEA0064,TF04,平均値の改善は全員の改善を意味しない,Distribution,全体平均が良くなっても、一部集団では悪化したり便益が偏ったりする可能性があるため分布を見る,better average ≠ better outcome for every group,An improved average can hide groups that benefit less or even become worse off.,,TL01,High,E170,Introduce→Recall→Transfer,+2〜6 Recall / +7〜18 Transfer,P2–P4 content consolidation
IDEA0065,TF19,見えている事例や記録は全体の中から選択された証拠である,Selection bias,公開・保存・記録・可視化された事例には選択過程があり、見えていない事例との差を考える,visible evidence → selection process → possible bias,What is visible in records or public examples may be a selected subset rather than a neutral picture of the whole.,,,High,E175,Introduce→Recall→Transfer,+2〜6 Recall / +7〜18 Transfer,P2–P4 content consolidation
IDEA0066,TF06,推薦や予測は観察対象の行動を変え、次のデータも変える,Feedback loop,推薦・予測・表示順位が人の選択を変えると、その反応が新しいデータとなり元のパターンを強めたり崩したりする,prediction/recommendation → behavior change → new data → feedback,"A recommendation can change what people choose, so later data may partly reflect the system's own influence.",,TL03,High,E197,Introduce→Recall→Transfer,+2〜6 Recall / +7〜18 Transfer,P2–P4 content consolidation
IDEA0067,TF17,予防策の効果は反事実と介入前リスクを考えて評価する,Counterfactual,事故が起きなかった事実だけでは予防の効果を測れず、介入なしなら何が起きたかと元のリスクを比較する,baseline risk + counterfactual → prevention effect,"Prevention should be judged against what would plausibly have happened without the intervention, not only by visible failures afterward.",,,High,E217,Introduce→Recall→Transfer,+2〜6 Recall / +7〜18 Transfer,P2–P4 content consolidation
IDEA0068,TF17,警報の閾値は偽陽性と見逃しの損失を比較して決める,Decision threshold,感度を上げれば見逃しは減るが誤警報が増え、頻発すれば信頼や反応も低下するため結果の重大さを含めて閾値を考える,threshold → false positives vs false negatives → response cost,"The best warning threshold depends on the costs of missed events, false alarms, and how users respond to repeated alerts.",,,High,E229,Introduce→Recall→Transfer,+2〜6 Recall / +7〜18 Transfer,P2–P4 content consolidation
IDEA0069,TF09,冗長性は独立した故障経路があって初めてresilienceになる,Resilience,予備系を増やしても同じ電源・回線・供給源に依存していれば共通原因で同時に失敗し得る,backup capacity + independent failure modes → resilience,Redundancy improves resilience only when backup systems do not share the same critical vulnerability.,,,High,E224,Introduce→Recall→Transfer,+2〜6 Recall / +7〜18 Transfer,P2–P4 content consolidation
IDEA0070,TF11,高稼働率では小さな変動が大きな待ち時間を生む,Capacity,平均需要と平均処理能力が同じでも到着や処理時間のばらつきがあると待ち行列が生じ、余裕容量が変動を吸収する,high utilization + variability → disproportionate queues,"A system operating near full capacity can develop long queues from small fluctuations, so some spare capacity can be functional rather than wasteful.",,,High,E226,Introduce→Recall→Transfer,+2〜6 Recall / +7〜18 Transfer,P2–P4 content consolidation
IDEA0071,TF19,相対リスクは基準となる絶対リスクと一緒に示す,Risk communication,相対変化が大きく見えても元の発生率が低ければ実際の差は小さいことがあるため、分母と絶対差を残す,relative change + baseline → absolute difference,"Relative risk can exaggerate practical impact when the baseline risk is hidden, so absolute frequencies should also be considered.",,,High,E223,Introduce→Recall→Transfer,+2〜6 Recall / +7〜18 Transfer,P2–P4 content consolidation
IDEA0072,TF19,複数研究をまとめても比較可能性と公開偏りの問題は残る,Evidence synthesis,研究数を増やして精度が上がっても、定義・対象・方法が異なる研究や公開されにくい陰性結果があると統合値は偏り得る,more studies + heterogeneity/publication bias → limited synthesis,Combining many studies does not guarantee a trustworthy conclusion if the studies are not comparable or if some results are missing from the published evidence.,,,High,E228,Introduce→Recall→Transfer,+2〜6 Recall / +7〜18 Transfer,P2–P4 content consolidation
IDEA0073,TF19,固定benchmarkへの最適化は実世界への一般化を弱め得る,Generalization,同じ評価課題へ繰り返し最適化すると得点上昇がbenchmark固有の攻略を反映し、広い能力向上とは限らなくなる,optimize fixed benchmark → benchmark-specific gain ≠ general improvement,Performance on a fixed benchmark can improve without equivalent real-world improvement when systems are repeatedly optimized for that test.,,,High,E223,Introduce→Recall→Transfer,+2〜6 Recall / +7〜18 Transfer,P2–P4 content consolidation
IDEA0074,TF07,集められるデータと集めるべきデータを分ける,Data governance,保存が容易でも目的と無関係なデータ収集は品質管理・漏えい・アクセス管理・将来利用の負担を増やす,collect only what serves a clear purpose → lower governance burden,"The ability to collect more data does not by itself justify collecting it; relevance, retention, access, and purpose should be defined first.",,TL06,High,E232,Introduce→Recall→Transfer,+2〜6 Recall / +7〜18 Transfer,P2–P4 content consolidation
IDEA0075,TF07,情報量を増やすより重要度を示した方が意思決定を助けることがある,Information design,完全な情報を一度に並べると重要事項が埋もれるため、行動の優先順位や層を示して注意を配分する,more information → attention overload; prioritization → usable information,"Providing more information can reduce usability when important actions are buried, so information should be prioritized rather than merely expanded.",,,High,E231,Introduce→Recall→Transfer,+2〜6 Recall / +7〜18 Transfer,P2–P4 content consolidation
IDEA0076,TF19,欠損した情報を推測で埋めず「分からない」を残す,Missing data,記録やデータが欠けているとき、欠損を都合のよい値や物語で補完せず、結論できる範囲を限定する,missing evidence → preserve uncertainty → bounded conclusion,"When evidence is missing, a sound conclusion should preserve what is unknown rather than silently filling the gap with assumptions.",,,High,E203,Introduce→Recall→Transfer,+2〜6 Recall / +7〜18 Transfer,P2–P4 content consolidation
IDEA0077,TF19,再現結果の不一致は単純な真偽判定ではなく条件差を調べる手掛かりになる,Replication,結果が再現しないときは手順・対象・測定・環境の違いを調べ、元研究が完全に誤りか同一効果かの二択にしない,replication mismatch → inspect method/context → refine claim,A failed or different replication should prompt investigation of methods and conditions rather than an immediate all-or-nothing judgment.,,,High,E196,Introduce→Recall→Transfer,+2〜6 Recall / +7〜18 Transfer,P2–P4 content consolidation
IDEA0078,TF05,選択肢が多いほど実際に選びやすいとは限らない,Decision design,選択肢の増加は比較負担を高めるため、重要な基準で整理しつつ最終的な優先順位は利用者に残す,more options → comparison burden; structured criteria → usable choice,"More options can increase freedom while making decisions harder, so good decision support organizes relevant trade-offs without replacing the user's priorities.",,TL06,High,E213,Introduce→Recall→Transfer,+2〜6 Recall / +7〜18 Transfer,P2–P4 content consolidation
