idea_id,topic_family,idea,primary_th,secondary_th,evaluation_axes
IDEA0001,TF01,地域差は人材だけでなく制度・インフラにも左右される,TH01,,EV01
IDEA0002,TF01,インセンティブは短期効果と定着を分けて考える,TH04,TH05,EV10
IDEA0003,TF01,技術はアクセスを改善しても対面サービスを完全代替しない,TH10,TH06,"EV01,EV02"
IDEA0004,TF02,予防は将来負担を減らし得る,TH04,,"EV06,EV04"
IDEA0005,TF02,参加率は知識だけでなく信頼とアクセスに左右される,TH05,TH06,EV01
IDEA0006,TF02,個人の選択と他者への影響を分けて考える,TH09,TH02,"EV07,EV06"
IDEA0007,TF03,人口構成の変化はケア需要を変える,TH01,TH04,"EV04,EV10"
IDEA0008,TF03,家族だけにケアを依存すると負担が偏る,TH03,TH02,"EV05,EV10"
IDEA0009,TF03,公的支援は家族ケアを補完できる,TH10,TH06,"EV01,EV10"
IDEA0010,TF04,同じ扱いと公平な機会は同じではない,TH03,,EV05
IDEA0011,TF04,格差には個人要因と構造要因がある,TH01,TH03,EV05
IDEA0012,TF04,対象を絞った支援には効率と公平の両論点がある,TH03,"TH02,TH06","EV05,EV03"
IDEA0013,TF05,アクセス拡大と学習の質は別問題,TH02,TH07,"EV01,EV02"
IDEA0014,TF05,標準化は比較可能性を高めるが多様性を捉えにくい,TH02,TH07,"EV02,EV05"
IDEA0015,TF05,教育投資は長期便益を持つが効果発現に時間がかかる,TH04,,"EV04,EV10"
IDEA0016,TF06,技術の効果は導入方法で変わる,TH06,,EV02
IDEA0017,TF06,自動化は仕事を消すだけでなく仕事の中身を変える,TH10,TH01,EV03
IDEA0018,TF06,高リスク領域ではhuman oversightが重要になる,TH06,TH08,EV06
IDEA0019,TF07,情報量が増えても情報の質は自動的に上がらない,TH07,,EV02
IDEA0020,TF07,プライバシー保護と利便性には交換関係がある,TH02,TH09,"EV08,EV02"
IDEA0021,TF07,誤情報対策は削除だけでなく信頼できる情報への到達性も重要,TH10,TH06,"EV02,EV07"
IDEA0022,TF08,環境損失は市場価格に十分反映されないことがある,TH02,TH03,"EV10,EV05"
IDEA0023,TF08,保全策は地域住民の生活と両立しないと持続しにくい,TH06,TH03,"EV10,EV05"
IDEA0024,TF08,個人行動と制度設計を二者択一にしない,TH10,TH05,EV10
IDEA0025,TF09,安定供給・費用・環境負荷は同時に比較する,TH02,,"EV09,EV04,EV10"
IDEA0026,TF09,初期費用と長期便益を分ける,TH04,,"EV04,EV10"
IDEA0027,TF09,供給源の多様化はresilienceを高め得る,TH10,TH08,EV09
IDEA0028,TF10,効率性とresilienceは一致しない,TH02,TH08,"EV03,EV09"
IDEA0029,TF10,消費者行動は価格・選択肢・情報に左右される,TH05,TH06,
IDEA0030,TF10,買いだめは個人合理性と集団結果がずれる例になる,TH05,TH03,"EV05,EV09"
IDEA0031,TF11,人口減少下では固定費の高いサービス維持が難しくなる,TH01,TH04,"EV04,EV10"
IDEA0032,TF11,アクセス改善は利用者だけでなく地域全体へ波及する,TH01,TH03,"EV01,EV10"
IDEA0033,TF11,観光の便益と住民負担を同じ軸で見る,TH03,TH02,"EV05,EV10"
IDEA0034,TF12,柔軟性は便益だが調整コストを生む,TH02,TH06,"EV03,EV10"
IDEA0035,TF12,労働市場変化では職種よりtaskの変化を見る,TH01,TH04,"EV03,EV10"
IDEA0036,TF12,保護と参入容易性のバランスがある,TH02,TH09,"EV03,EV05,EV07"
IDEA0037,TF13,越境課題は単独国では解きにくい,TH10,TH09,EV10
IDEA0038,TF13,負担分担では能力と受益の両方が論点になる,TH03,TH09,EV05
IDEA0039,TF13,全体便益と地域調整コストを分ける,TH03,TH02,EV05
IDEA0040,TF14,権利制限は目的だけでなく必要性と範囲で考える,TH09,TH06,"EV07,EV06"
IDEA0041,TF14,公共予算は機会費用を伴う,TH02,,EV04
IDEA0042,TF14,参加と説明責任は制度への信頼に関係する,TH09,TH05,EV07
IDEA0043,TF15,保存と開発は完全な二者択一ではない,TH10,TH02,"EV10,EV02"
IDEA0044,TF15,歴史の説明には複数の視点があり得る,TH07,TH09,EV05
IDEA0045,TF15,デジタル保存はアクセスを広げても実物を代替しない,TH02,TH10,"EV01,EV02"
IDEA0046,TF16,共通語は意思疎通を助けるが多様性を弱め得る,TH02,TH03,"EV03,EV05,EV10"
IDEA0047,TF16,機械翻訳は速度と費用を改善しても文脈判断に限界がある,TH02,TH06,"EV03,EV04,EV02"
IDEA0048,TF16,通訳へのアクセスはサービスへのアクセスでもある,TH03,TH06,"EV01,EV05"
IDEA0049,TF17,危機前の投資は成果が見えにくい,TH04,TH07,"EV06,EV04"
IDEA0050,TF17,不確実性を隠すより範囲を伝える,TH08,TH06,"EV06,EV02"
IDEA0051,TF17,同じ支援では脆弱性の差を埋められないことがある,TH03,TH06,"EV05,EV06"
IDEA0052,TF18,参加機会の公平と競技結果の公平は別概念,TH03,TH02,EV05
IDEA0053,TF18,運動機会には健康以外の社会的便益もある,TH01,TH03,"EV01,EV02"
IDEA0054,TF18,公的資金は便益の広がりと代替用途で評価する,TH02,TH03,"EV04,EV05"
IDEA0055,TF19,便益とリスクは別々でなく同じ判断枠で比較する,TH08,TH02,"EV06,EV02"
IDEA0056,TF19,同意は署名ではなく理解と自発性を含む,TH09,TH06,EV07
IDEA0057,TF19,不確実な証拠では断定度を下げる,TH07,TH08,
IDEA0058,TF02,自己選択された回答者は母集団をそのまま代表しない,TH07,TH03,EV05
IDEA0059,TF02,平均への回帰を介入効果と取り違えない,TH01,TH07,
IDEA0060,TF02,確率判断では目立つ事例より基準率を見る,TH08,TH07,
IDEA0061,TF19,細かい桁や高い精度表示は測定の信頼性を保証しない,TH07,,
IDEA0062,TF19,代理指標は最終的に重要な結果そのものではない,TH07,,
IDEA0063,TF19,観察研究の関連は交絡を除かない限り因果とは言えない,TH01,TH07,
IDEA0064,TF04,平均値の改善は全員の改善を意味しない,TH03,TH07,EV05
IDEA0065,TF19,見えている事例や記録は全体の中から選択された証拠である,TH07,TH03,EV05
IDEA0066,TF06,推薦や予測は観察対象の行動を変え、次のデータも変える,TH05,TH01,EV02
IDEA0067,TF17,予防策の効果は反事実と介入前リスクを考えて評価する,TH01,TH04,"EV06,EV09"
IDEA0068,TF17,警報の閾値は偽陽性と見逃しの損失を比較して決める,TH08,"TH05,TH06",EV06
IDEA0069,TF09,冗長性は独立した故障経路があって初めてresilienceになる,TH08,"TH10,TH02","EV09,EV03"
IDEA0070,TF11,高稼働率では小さな変動が大きな待ち時間を生む,TH02,TH08,"EV03,EV09"
IDEA0071,TF19,相対リスクは基準となる絶対リスクと一緒に示す,TH08,TH07,EV06
IDEA0072,TF19,複数研究をまとめても比較可能性と公開偏りの問題は残る,TH07,TH08,
IDEA0073,TF19,固定benchmarkへの最適化は実世界への一般化を弱め得る,TH07,TH08,EV02
IDEA0074,TF07,集められるデータと集めるべきデータを分ける,TH09,TH06,EV08
IDEA0075,TF07,情報量を増やすより重要度を示した方が意思決定を助けることがある,TH05,TH06,EV02
IDEA0076,TF19,欠損した情報を推測で埋めず「分からない」を残す,TH07,TH08,
IDEA0077,TF19,再現結果の不一致は単純な真偽判定ではなく条件差を調べる手掛かりになる,TH07,TH08,
IDEA0078,TF05,選択肢が多いほど実際に選びやすいとは限らない,TH05,TH10,"EV02,EV07"
