material_id,title,genre,published_url,published_date,version,practical_element,state,publish_note,phase,skills,writing_quality,design_version,bundle,bundle_key,curriculum_version,qa,sync_key
E001,都市・地方で医療アクセスが異なる理由,医療・健康,https://docs.google.com/document/d/1FVS6bLiGFFO__18_uYV1iQExCyDyuhxu3bB1v-_k1tU/edit?usp=drivesdk,2026-09-28,v1.0,LEXG195,Published,"Publish Gate PASS; E001 legacy migration formalized, internal DRY references normalized",P1,,"WQ01,WQ02",TPL-v1-P1,,MIGRATE-E001,CP-DRAFT,Pass,E001|CP-DRAFT|TPL-v1-P1|v1.0
E002,遠隔医療はアクセスを改善しても対面診療を代替できるか,医療・健康,https://docs.google.com/document/d/1ikoJyELv-NXp4u62WHNLsYGhueRUK3zlBAlftIIQj7Q/edit?usp=drivesdk,2026-09-28,v1.0,LEXG003 / LEXG195,Published,"Publish Gate PASS; E002 legacy migration formalized, internal DRY references normalized",P1,D04,WQ01,TPL-v1-P1,,MIGRATE-E002,CP-DRAFT,Pass,E002|CP-DRAFT|TPL-v1-P1|v1.0
E003,オンライン教育で学習機会を広げる方法,教育・文化・余暇,https://docs.google.com/document/d/1Togd-0I-DGU1SbvIfOPcZoYQVwvCO41Qrp0dNUQQclM/edit?usp=drivesdk,2026-09-28,v1.0,LEXG231,Published,"Publish Gate PASS; E003 legacy migration formalized, internal DRY references normalized",P1,,WQ01,TPL-v1-P1,,MIGRATE-E003,CP-DRAFT,Pass,E003|CP-DRAFT|TPL-v1-P1|v1.0
E004,教育格差を個人要因だけで説明できるか,社会・人口,https://docs.google.com/document/d/1riZIHNdyiENBX7Tj8QUXxBJwO8Qkh7y4EfsQ2YLS4To/edit?usp=drivesdk,2026-09-28,v1.0,"LEXG003,LEXG231",Published,"Publish Gate PASS; E004 legacy migration formalized, internal DRY references normalized",P1,D04,WQ01,TPL-v1-P1,,MIGRATE-E004,CP-DRAFT,Pass,E004|CP-DRAFT|TPL-v1-P1|v1.0
E005,高齢化でケア需要はどう変わるか,社会・人口,https://docs.google.com/document/d/1sn1E3lNL-DuUtJR6Ub0F08TwZOkCtODLer7UmOKWP98/edit?usp=drivesdk,2026-09-28,v1.0,LEXG241 / LEXG195,Published,"Publish Gate PASS; E005 legacy migration formalized, internal DRY references normalized",P1,D04,WQ01,TPL-v1-P1,,MIGRATE-E005,CP-DRAFT,Pass,E005|CP-DRAFT|TPL-v1-P1|v1.0
E006,Bundle 1 Checkpoint｜アクセス・格差・高齢化,医療・健康,https://docs.google.com/document/d/1_2_ioOP1NsiryoHEFESMZIIDF7V679xR6zkOb6VPqps/edit?usp=drivesdk,2026-09-28,v1.0,"LEXG003,LEXG231 / LEXG241 / LEXG195",Published,"Publish Gate PASS; E006 legacy migration formalized, internal DRY references normalized",P1,D04,"WQ00,WQ01",TPL-v1-P1,,MIGRATE-E006,CP-DRAFT,Pass,E006|CP-DRAFT|TPL-v1-P1|v1.0
E007,地方の医療人材：短期インセンティブと長期定着,医療・健康,https://docs.google.com/document/d/1eU_xlRzvU07r6QFzXSPx6KFcOXNHw7IfHfvdPQO1Ltc/edit?usp=drivesdk,2026-09-28,v1.0,LEXG121 / LEXG003,Published,"Publish Gate PASS; E007 legacy migration formalized, internal DRY references normalized",P1,D06,"WQ01,WQ02",TPL-v1-P1,,MIGRATE-E007,CP-DRAFT,Pass,E007|CP-DRAFT|TPL-v1-P1|v1.0
E008,個人データ利用：利便性とプライバシー,情報・メディア,https://docs.google.com/document/d/1v9kP7L9Q9pTqXKdNZegF6-Gu1peex-dsVBFeh_CE5I4/edit?usp=drivesdk,2026-09-28,v1.0,LEXG184,Published,"Publish Gate PASS; E008 legacy migration formalized, internal DRY references normalized",P1,,"WQ01,WQ02",TPL-v1-P1,,MIGRATE-E008,CP-DRAFT,Pass,E008|CP-DRAFT|TPL-v1-P1|v1.0
E009,医療AI：人間の判断を置き換えるか、補完するか,科学技術,https://docs.google.com/document/d/1Jqo2D0JYFR3wU3OK0-5kAuwHss5fcentkGm5FBWKAq4/edit?usp=drivesdk,2026-09-28,v1.0,"LEXG184,LEXG121 / LEXG184 / LEXG231",Published,"Publish Gate PASS; E009 legacy migration formalized, internal DRY references normalized",P1,D06,"WQ01,WQ02",TPL-v1-P1,,MIGRATE-E009,CP-DRAFT,Pass,E009|CP-DRAFT|TPL-v1-P1|v1.0
E010,再生可能エネルギー：初期費用と長期便益,環境・資源,https://docs.google.com/document/d/1D6qbHqe9O_cmf-UXTqRQfvgg-jd1PmBQNqpReZfyfbA/edit?usp=drivesdk,2026-09-28,v1.0,LEXG200 / LEXG241,Published,"Publish Gate PASS; E010 legacy migration formalized, internal DRY references normalized",P1,D06,"WQ01,WQ02",TPL-v1-P1,,MIGRATE-E010,CP-DRAFT,Pass,E010|CP-DRAFT|TPL-v1-P1|v1.0
E011,災害対策：被害が起きない投資をどう評価するか,安全・リスク,https://docs.google.com/document/d/1MWT0U_Y3SpXELlZIqn1b9UAVdTJOT9WC6c-oFDohrqc/edit?usp=drivesdk,2026-09-28,v1.0,"LEXG200 / LEXG184,LEXG200 / LEXG003,LEXG121",Published,"Publish Gate PASS; E011 legacy migration formalized, internal DRY references normalized",P1,"D04,D06","WQ01,WQ02",TPL-v1-P1,,MIGRATE-E011,CP-DRAFT,Pass,E011|CP-DRAFT|TPL-v1-P1|v1.0
E012,Bundle 2 Checkpoint｜AI・プライバシー・投資・危機対応,情報・メディア,https://docs.google.com/document/d/1GpNA1zVNeGmBXThoMgmQi-B0lHdUJJ5Glt1cVGNkOGc/edit?usp=drivesdk,2026-09-28,v1.0,"LEXG121,LEXG231 / LEXG200 / LEXG184",Published,"Publish Gate PASS; E012 legacy migration formalized, internal DRY references normalized",P1,"D04,D06","WQ00,WQ01,WQ02",TPL-v1-P1,,MIGRATE-E012,CP-DRAFT,Pass,E012|CP-DRAFT|TPL-v1-P1|v1.0
E013,国際早期警戒ネットワーク：平時の投資は無駄か,国際社会・社会・人口,https://docs.google.com/document/d/1Max_f6HVuiqKGF8hilzdOrReCUbpAbyFY4AVF5H41hk/edit?usp=drivesdk,2026-09-28,v1.0,"LEXG184,LEXG003 / LEXG200",Published,"Publish Gate PASS; E013 legacy migration formalized, internal DRY references normalized",P1,D04,"WQ01,WQ02",TPL-v1-P1,,MIGRATE-E013,CP-DRAFT,Pass,E013|CP-DRAFT|TPL-v1-P1|v1.0
E014,人口減少下で公共交通を維持するには,都市・仕事・経済,https://docs.google.com/document/d/1AScRJHIzNOUlT4nkbzyNNA9ob9LHkfhPmWJBLh_SCOM/edit?usp=drivesdk,2026-09-28,v1.0,LEXG200,Published,"Publish Gate PASS; E014 legacy migration formalized, internal DRY references normalized",P1,,WQ01,TPL-v1-P1,,MIGRATE-E014,CP-DRAFT,Pass,E014|CP-DRAFT|TPL-v1-P1|v1.0
E015,食料供給網：効率性とresilience,環境・資源・食料,https://docs.google.com/document/d/1KPyC8q4QYNGKNDvgkfhhHo4kek4oco8x7v6GukJk17g/edit?usp=drivesdk,2026-09-28,v1.1,LEXG129,Published,"Publish Gate PASS; E015 legacy migration formalized, internal DRY references normalized; 2026-10-01 Priority A Post-solve concept-path revision",P1,D06,"WQ01,WQ02",TPL-v1-P1,,MIGRATE-E015,CP-DRAFT,Pass,E015|CP-DRAFT|TPL-v1-P1|v1.1
E016,自動化は仕事をなくすのか、taskを変えるのか,都市・仕事・経済,https://docs.google.com/document/d/15UvpxZ2wQyJ1TYVscPXS9Zp6zVwPIvp5_Roxqlv6sNQ/edit?usp=drivesdk,2026-09-28,v1.0,LEXG129,Published,"Publish Gate PASS; E016 legacy migration formalized, internal DRY references normalized",P1,D06,"WQ01,WQ02",TPL-v1-P1,,MIGRATE-E016,CP-DRAFT,Pass,E016|CP-DRAFT|TPL-v1-P1|v1.0
E017,機械翻訳は人間を置き換えるか、補完するか,言語・コミュニケーション,https://docs.google.com/document/d/1LkbR8-abU_qfGruIFP8VhqCfhM47xaNM6B6dcnT1mZI/edit?usp=drivesdk,2026-09-28,v1.0,LEXG136,Published,"Publish Gate PASS; E017 legacy migration formalized, internal DRY references normalized",P1,D06,"WQ01,WQ02",TPL-v1-P1,,MIGRATE-E017,CP-DRAFT,Pass,E017|CP-DRAFT|TPL-v1-P1|v1.0
E018,Bundle 3 Checkpoint｜交通・供給網・仕事・翻訳,都市・仕事・経済,https://docs.google.com/document/d/1NTk0Bmki6pIUjxGC70D2Z-vCUhpds9FItjPc5uozufs/edit?usp=drivesdk,2026-09-28,v1.0,"LEXG200 / LEXG129,LEXG136",Published,"Publish Gate PASS; E018 legacy migration formalized, internal DRY references normalized",P1,"D04,D06","WQ00,WQ01,WQ02",TPL-v1-P1,,MIGRATE-E018,CP-DRAFT,Pass,E018|CP-DRAFT|TPL-v1-P1|v1.0
E019,越境大気汚染：一国だけで解決できるか,国際社会・社会・人口,https://docs.google.com/document/d/1HMMSy-ORldDrSZnurWUIzZdDrLPn_WNmccnl278tkqc/edit?usp=drivesdk,2026-09-28,v1.0,LEXG003 / LEXG129,Published,"Publish Gate PASS; E019 legacy migration formalized, internal DRY references normalized",P1,D04,"WQ01,WQ02",TPL-v1-P1,,MIGRATE-E019,CP-DRAFT,Pass,E019|CP-DRAFT|TPL-v1-P1|v1.0
E020,限られた公共予算をどう配分するか,政治・法・公共制度,https://docs.google.com/document/d/1kKzTQ1G-zGSAKMg0zQiGVQXzhfHfksI6yUkWRGVIzfE/edit?usp=drivesdk,2026-09-28,v1.0,LEXG137,Published,"Publish Gate PASS; E020 legacy migration formalized, internal DRY references normalized",P1,D06,WQ01,TPL-v1-P1,,MIGRATE-E020,CP-DRAFT,Pass,E020|CP-DRAFT|TPL-v1-P1|v1.0
E021,都市の水供給：効率性と予備能力,環境・資源,https://docs.google.com/document/d/1v2Pnv0PtPJx4rUlk1Q9kNECnus7rZrwBRTzQMlUHRDc/edit?usp=drivesdk,2026-09-28,v1.1,LEXG129 / LEXG137,Published,"Publish Gate PASS; E021 legacy migration formalized, internal DRY references normalized; 2026-10-01 Priority A Post-solve concept-path revision",P1,D06,"WQ01,WQ02",TPL-v1-P1,,MIGRATE-E021,CP-DRAFT,Pass,E021|CP-DRAFT|TPL-v1-P1|v1.1
E022,セルフレジは店員をなくすのか,都市・仕事・経済,https://docs.google.com/document/d/12pzFcG_5VdB_SDs_d2kqZQTAVj0GMoKcyGg_csyTuP0/edit?usp=drivesdk,2026-09-28,v1.0,LEXG136,Published,"Publish Gate PASS; E022 legacy migration formalized, internal DRY references normalized",P1,D06,"WQ01,WQ02",TPL-v1-P1,,MIGRATE-E022,CP-DRAFT,Pass,E022|CP-DRAFT|TPL-v1-P1|v1.0
E023,災害警報はどう伝えるべきか,安全・リスク,https://docs.google.com/document/d/1UBn9Ml4fqNRcfXSBKTBTecdO9YHE_3SyJNP8w6luh98/edit?usp=drivesdk,2026-09-28,v1.1,LEXG142,Published,"Publish Gate PASS; E023 legacy migration formalized, internal DRY references normalized; 2026-10-01 Priority A Post-solve concept-path revision",P1,D04,WQ01,TPL-v1-P1,,MIGRATE-E023,CP-DRAFT,Pass,E023|CP-DRAFT|TPL-v1-P1|v1.1
E024,Bundle 4 Checkpoint｜予算・水供給・仕事・警報,政治・法・公共制度,https://docs.google.com/document/d/1SjbQAjbzoVrIGotR0wz1V1Sy1pCU5lPqInBb27jd17E/edit?usp=drivesdk,2026-09-28,v1.1,"LEXG129,LEXG136 / LEXG142 / LEXG137",Published,"Publish Gate PASS; E024 legacy migration formalized, internal DRY references normalized; 2026-10-01 Priority A Post-solve concept-path revision",P1,"D04,D06","WQ00,WQ01,WQ02",TPL-v1-P1,,MIGRATE-E024,CP-DRAFT,Pass,E024|CP-DRAFT|TPL-v1-P1|v1.1
E025,健康リスクをどう伝えるか：不確実性と行動,医療・健康,https://docs.google.com/document/d/1hwuPKWHy9YzyFm_MnXW40V_RHl-U0VruEA0Y8Lo79bs/edit?usp=drivesdk,2026-09-28,v1.1,LEXG142 / LEXG142,Published,"Publish Gate PASS; E025 legacy migration formalized, internal DRY references normalized; 2026-10-01 Priority A Post-solve concept-path revision",P1,D04,"WQ01,WQ02",TPL-v1-P1,,MIGRATE-E025,CP-DRAFT,Pass,E025|CP-DRAFT|TPL-v1-P1|v1.1
E026,緊急通知：inform・notify・alertを使い分ける,安全・リスク,https://docs.google.com/document/d/1QDZMnsUcxvyTV_eDjZQeNlM55JqXXavMNM8241pVjIE/edit?usp=drivesdk,2026-09-28,v1.0,LEXG143,Published,"Publish Gate PASS; E026 legacy migration formalized, internal DRY references normalized",P1,D04,WQ01,TPL-v1-P1,,MIGRATE-E026,CP-DRAFT,Pass,E026|CP-DRAFT|TPL-v1-P1|v1.0
E027,研究結果を社会へどう伝えるか,科学技術,https://docs.google.com/document/d/1jslRLQLswzpT_2476Ntu8c1D_zrEcEGzh2nX58Ziwmc/edit?usp=drivesdk,2026-09-28,v1.1,LEXG142 / LEXG143 / LEXG142,Published,"Publish Gate PASS; E027 legacy migration formalized, internal DRY references normalized; 2026-10-01 Priority A Post-solve concept-path revision",P1,D06,"WQ01,WQ02",TPL-v1-P1,,MIGRATE-E027,CP-DRAFT,Pass,E027|CP-DRAFT|TPL-v1-P1|v1.1
E028,歴史的建造物：保存か再利用か,歴史・記憶・文化,https://docs.google.com/document/d/1itPLhw-nwUVGOFU-k1GEDJLmXlSPl0G8SXaLRw2wdxM/edit?usp=drivesdk,2026-09-28,v1.0,"LEXG137,LEXG184,LEXG200",Published,"Publish Gate PASS; E028 legacy migration formalized, internal DRY references normalized",P1,D06,"WQ01,WQ02",TPL-v1-P1,,MIGRATE-E028,CP-DRAFT,Pass,E028|CP-DRAFT|TPL-v1-P1|v1.0
E029,研究参加のinformed consent：説明から自発的選択へ,科学技術,https://docs.google.com/document/d/1PMmASdOE0qpiX87OfqOPZrGSAYJehvrpB0WgUzxANx0/edit?usp=drivesdk,2026-09-28,v1.0,LEXG147,Published,"Publish Gate PASS; E029 legacy migration formalized, internal DRY references normalized",P1,D06,"WQ01,WQ02",TPL-v1-P1,,MIGRATE-E029,CP-DRAFT,Pass,E029|CP-DRAFT|TPL-v1-P1|v1.0
E030,Bundle 5 Checkpoint｜健康情報・研究・文化保存・同意,科学技術,https://docs.google.com/document/d/1yQ1RrXZdL7qE87caynAyXpnmVdXUgMM4TpSYjElufnE/edit?usp=drivesdk,2026-09-28,v1.1,"LEXG142 / LEXG147 / LEXG143,LEXG142",Published,"Publish Gate PASS; E030 legacy migration formalized, internal DRY references normalized; 2026-10-01 Priority A Post-solve concept-path revision",P1,"D04,D06","WQ00,WQ01,WQ02",TPL-v1-P1,,MIGRATE-E030,CP-DRAFT,Pass,E030|CP-DRAFT|TPL-v1-P1|v1.1
E031,治療選択：患者は何を選ぶのか,科学技術,https://docs.google.com/document/d/1ZFmCq1rfnUaD6lzS1orkrijHyLh4snR4bYJ9ORz3h3M/edit?usp=drivesdk,2026-09-28,v1.0,LEXG147 / LEXG147,Published,"Publish Gate PASS; E031 legacy migration formalized, internal DRY references normalized",P1,D06,"WQ01,WQ02",TPL-v1-P1,,MIGRATE-E031,CP-DRAFT,Pass,E031|CP-DRAFT|TPL-v1-P1|v1.0
E032,限られた医療資源は何を優先するか,医療・健康,https://docs.google.com/document/d/108WvB1MdJD50gq_g9_oKjQVf45VrbS-44Ih3w6Vgoi0/edit?usp=drivesdk,2026-09-28,v1.0,LEXG148,Published,"Publish Gate PASS; E032 legacy migration formalized, internal DRY references normalized",P1,D06,WQ01,TPL-v1-P1,,MIGRATE-E032,CP-DRAFT,Pass,E032|CP-DRAFT|TPL-v1-P1|v1.0
E033,公共スポーツ施設に税金を使うべきか,身体・スポーツ,https://docs.google.com/document/d/1NCWNEzHAKM_nPH_JBn6w6XSLsUF5E8PXhHVey2SPGBI/edit?usp=drivesdk,2026-09-28,v1.0,LEXG148,Published,"Publish Gate PASS; E033 legacy migration formalized, internal DRY references normalized",P1,D06,"WQ01,WQ02",TPL-v1-P1,,MIGRATE-E033,CP-DRAFT,Pass,E033|CP-DRAFT|TPL-v1-P1|v1.0
E034,研究の限界をどう認めるか,科学技術,https://docs.google.com/document/d/154Q5uP_bKV2_8KA5QgTck_pCY5QRGNb8N6kLi5qCi_g/edit?usp=drivesdk,2026-09-28,v1.1,LEXG149,Published,"Publish Gate PASS; E034 legacy migration formalized, internal DRY references normalized; 2026-10-01 Priority A Post-solve concept-path revision",P1,D06,WQ01,TPL-v1-P1,,MIGRATE-E034,CP-DRAFT,Pass,E034|CP-DRAFT|TPL-v1-P1|v1.1
E035,新しい治療：期待される便益と未知のリスク,科学技術,https://docs.google.com/document/d/1LIk5YbTwofSs7JURYDxjnO1bC38tNiSmsEM5ufmzXvc/edit?usp=drivesdk,2026-09-28,v1.0,LEXG149,Published,"Publish Gate PASS; E035 legacy migration formalized, internal DRY references normalized",P1,D06,"WQ01,WQ02",TPL-v1-P1,,MIGRATE-E035,CP-DRAFT,Pass,E035|CP-DRAFT|TPL-v1-P1|v1.0
E036,Bundle 6 Checkpoint｜選択・優先順位・研究判断,科学技術,https://docs.google.com/document/d/1uHeMCcIeVRqxJmGwasabIRH8yow5hi5zdm4bfnF4nFY/edit?usp=drivesdk,2026-09-28,v1.0,LEXG147 / LEXG149 / LEXG148,Published,"Publish Gate PASS; E036 legacy migration formalized, internal DRY references normalized",P1,D06,"WQ00,WQ01,WQ02",TPL-v1-P1,,MIGRATE-E036,CP-DRAFT,Pass,E036|CP-DRAFT|TPL-v1-P1|v1.0
E037,AI採用支援：効率化と未知のリスク,科学技術,https://docs.google.com/document/d/1jsdKdTaKitKTcI1u0mRanGFM7tEET41P8GLCp4Bp4zs/edit?usp=drivesdk,2026-09-28,v1.0,LEXG149 / LEXG149,Published,"Publish Gate PASS; E037 legacy migration formalized, internal DRY references normalized",P1,D06,"WQ01,WQ02",TPL-v1-P1,,MIGRATE-E037,CP-DRAFT,Pass,E037|CP-DRAFT|TPL-v1-P1|v1.0
E038,学校の開始時刻をどう提案するか,教育・文化・余暇,https://docs.google.com/document/d/1D9o_3GvGNGl27aROmbEtwX7lKBi7LfSJCgEKKn78Gg8/edit?usp=drivesdk,2026-09-28,v1.0,LEXG146,Published,"Publish Gate PASS; E038 legacy migration formalized, internal DRY references normalized",P1,D06,WQ01,TPL-v1-P1,,MIGRATE-E038,CP-DRAFT,Pass,E038|CP-DRAFT|TPL-v1-P1|v1.0
E039,渋滞課金：提案を政策にする条件,政治・法・公共制度,https://docs.google.com/document/d/13s0JWrX8jt1_edU6HdNffREwDKuLJcM6u9SRBGZn1YI/edit?usp=drivesdk,2026-09-28,v1.0,LEXG146,Published,"Publish Gate PASS; E039 legacy migration formalized, internal DRY references normalized",P1,D06,"WQ01,WQ02",TPL-v1-P1,,MIGRATE-E039,CP-DRAFT,Pass,E039|CP-DRAFT|TPL-v1-P1|v1.0
E040,住民意見をどう退けるか：reject・refuse・decline・dismiss,政治・法・公共制度,https://docs.google.com/document/d/1vHDNAyPwI103XEoiUT_wxj2MA3YFAfbLEz7L0hWz1-w/edit?usp=drivesdk,2026-09-28,v1.0,LEXG150,Published,"Publish Gate PASS; E040 legacy migration formalized, internal DRY references normalized",P1,D06,WQ01,TPL-v1-P1,,MIGRATE-E040,CP-DRAFT,Pass,E040|CP-DRAFT|TPL-v1-P1|v1.0
E041,風力発電計画：反対意見をどう扱うか,環境・資源,https://docs.google.com/document/d/1crcG6Rx0Hb3gOVpwF9bMawkwZpV_DcXYC4nPeYtaqCQ/edit?usp=drivesdk,2026-09-28,v1.0,LEXG150,Published,"Publish Gate PASS; E041 legacy migration formalized, internal DRY references normalized",P1,D06,"WQ01,WQ02",TPL-v1-P1,,MIGRATE-E041,CP-DRAFT,Pass,E041|CP-DRAFT|TPL-v1-P1|v1.0
E042,Bundle 7 Checkpoint｜提案・判断・異議,政治・法・公共制度,https://docs.google.com/document/d/1EXuTZcM6Mecg2oy1L97eWMtRYsn5CURerFtPg37WGxM/edit?usp=drivesdk,2026-09-28,v1.0,LEXG149 / LEXG150 / LEXG146,Published,"Publish Gate PASS; E042 legacy migration formalized, internal DRY references normalized",P1,D06,"WQ00,WQ01,WQ02",TPL-v1-P1,,MIGRATE-E042,CP-DRAFT,Pass,E042|CP-DRAFT|TPL-v1-P1|v1.0
E043,生物多様性保全：文の骨格を見抜く,環境・資源・食料,https://docs.google.com/document/d/1b7qc-THN_JfYbSHdM7Bz0ElSfywD_6BvjV0hNh2qNuU/edit?usp=drivesdk,2026-09-28,v1.0,,Published,"Publish Gate PASS; E043 legacy migration formalized, internal DRY references normalized",P2,,,TPL-v2-P2,,MIGRATE-E043,CP-DRAFT,Pass,E043|CP-DRAFT|TPL-v2-P2|v1.0
E044,介護支援制度：長い文でも主節を保つ,社会・人口,https://docs.google.com/document/d/1xC8oaSi9KGLdLCTDcfAKpobsWtstTGbcoY2rvIx8AwM/edit?usp=drivesdk,2026-09-28,v1.0,,Published,"Publish Gate PASS; E044 legacy migration formalized, internal DRY references normalized",P2,,,TPL-v2-P2,,MIGRATE-E044,CP-DRAFT,Pass,E044|CP-DRAFT|TPL-v2-P2|v1.0
E045,学習法：知っている表現を思い出す,教育・文化・余暇,https://docs.google.com/document/d/1eJqA1xjSNQmsRh1TE2unjXD4jH4rZzZ-Xam_ZvyDm2s/edit?usp=drivesdk,2026-09-28,v1.0,"LEXG003,LEXG146,LEXG147,LEXG148,LEXG149",Published,"Publish Gate PASS; E045 legacy migration formalized, internal DRY references normalized",P2,,WQ00,TPL-v2-P2,,MIGRATE-E045,CP-DRAFT,Pass,E045|CP-DRAFT|TPL-v2-P2|v1.0
E046,消費行動：正確な英文を組み立てる,環境・資源・食料,https://docs.google.com/document/d/14IHjWbgy3da8asPWnikSo9RT8FeElzJd1ypoVDGflJk/edit?usp=drivesdk,2026-09-28,v1.0,,Published,"Publish Gate PASS; E046 legacy migration formalized, internal DRY references normalized",P2,,"WQ00,WQ01",TPL-v2-P2,,MIGRATE-E046,CP-DRAFT,Pass,E046|CP-DRAFT|TPL-v2-P2|v1.0
E047,観光混雑：時間内に論理を処理する,都市・仕事・経済,https://docs.google.com/document/d/1vv48vb9d7xM9CCNntO60u8xdWyBgBHbRPRG962uWZRw/edit?usp=drivesdk,2026-09-28,v1.0,,Published,"Publish Gate PASS; E047 legacy migration formalized, internal DRY references normalized",P2,D06,"WQ00,WQ01",TPL-v2-P2,,MIGRATE-E047,CP-DRAFT,Pass,E047|CP-DRAFT|TPL-v2-P2|v1.0
E048,P2 Bridge 1 Checkpoint｜構造・想起・正確性・速度,環境・資源・食料,https://docs.google.com/document/d/1KHkrFO9BGg2UHNxCMI-DLgngAmHXrUGNCgC9ZJD5QDg/edit?usp=drivesdk,2026-09-28,v1.0,"LEXG003,LEXG146,LEXG148,LEXG149",Published,"Publish Gate PASS; E048 legacy migration formalized, internal DRY references normalized",P2,,"WQ00,WQ01",TPL-v2-P2,,MIGRATE-E048,CP-DRAFT,Pass,E048|CP-DRAFT|TPL-v2-P2|v1.0
E049,誤情報：文脈から語の意味を決める,情報・メディア,https://docs.google.com/document/d/1QnV46FRPVkfw6fhS7l_McOtxqYpJzqcmclE-YnGN9EU/edit?usp=drivesdk,2026-09-28,v1.0,LEXG141,Published,"Publish Gate PASS; E049 legacy migration formalized, internal DRY references normalized",P2,,,TPL-v2-P2,,MIGRATE-E049,CP-DRAFT,Pass,E049|CP-DRAFT|TPL-v2-P2|v1.0
E050,歴史記述：this・they・suchを追う,歴史・記憶・文化,https://docs.google.com/document/d/1j5Uc6FwsGIIeGeMp9GcCyBEbXshNt-lSLQ5R8xyjsvs/edit?usp=drivesdk,2026-09-28,v1.0,,Published,"Publish Gate PASS; E050 legacy migration formalized, internal DRY references normalized",P2,,,TPL-v2-P2,,MIGRATE-E050,CP-DRAFT,Pass,E050|CP-DRAFT|TPL-v2-P2|v1.0
E051,多言語コミュニケーション：近義語を英語文脈で選ぶ,言語・コミュニケーション,https://docs.google.com/document/d/1ZYeggivw2OIwdQZHGW-VrXPCQQt6Qj4Ee2LfpXjxyu4/edit?usp=drivesdk,2026-09-28,v1.0,"LEXG142,LEXG143",Published,"Publish Gate PASS; E051 legacy migration formalized, internal DRY references normalized",P2,,,TPL-v2-P2,,MIGRATE-E051,CP-DRAFT,Pass,E051|CP-DRAFT|TPL-v2-P2|v1.0
E052,柔軟な働き方：自然な英文へ直す,都市・仕事・経済,https://docs.google.com/document/d/1bd3fn7jJPrZ5tlfjSJYzufaEiWT32OquFddFumLRTQM/edit?usp=drivesdk,2026-09-28,v1.0,,Published,"Publish Gate PASS; E052 legacy migration formalized, internal DRY references normalized",P2,,"WQ00,WQ01,WQ02",TPL-v2-P2,,MIGRATE-E052,CP-DRAFT,Pass,E052|CP-DRAFT|TPL-v2-P2|v1.0
E053,予防情報：段落をつなぐ,医療・健康,https://docs.google.com/document/d/1oUiBHhrlzyJxHAD4TEV6Oimnsydl9CS0nau-BQvG_2s/edit?usp=drivesdk,2026-09-28,v1.0,,Published,"Publish Gate PASS; E053 legacy migration formalized, internal DRY references normalized",P2,D01,"WQ00,WQ01,WQ02",TPL-v2-P2,,MIGRATE-E053,CP-DRAFT,Pass,E053|CP-DRAFT|TPL-v2-P2|v1.0
E054,P2 Bridge 2 Checkpoint｜文脈・照応・自然さ・cohesion,情報・メディア,https://docs.google.com/document/d/13noafMYSP_SuXd6OGRF0V2OGL0T6gP1gYlCBKiNDYfU/edit?usp=drivesdk,2026-09-28,v1.0,"LEXG142,LEXG143,LEXG149",Published,"Publish Gate PASS; E054 legacy migration formalized, internal DRY references normalized",P2,D01,"WQ00,WQ01,WQ02",TPL-v2-P2,,MIGRATE-E054,CP-DRAFT,Pass,E054|CP-DRAFT|TPL-v2-P2|v1.0
E055,障害のある人のスポーツ参加：同じ扱いは本当に公平か,身体・スポーツ,https://docs.google.com/document/d/1RE-AvATy7l6BWWqh4O-I1EIwET-ae_oybK3oSJJ5eog/edit?usp=drivesdk,2026-09-29,v1.1,段落機能 / equal treatment vs effective opportunity,Published,P2本体 B010 formal compile / Publish Gate PASS; 2026-10-01 Priority A Post-solve concept-path revision,P2,A05 / RQ07 / D01,,TPL-v2-P2,B010,B010-E055,CP-DRAFT,Pass,E055|CP-DRAFT|TPL-v2-P2|v1.1
E056,大規模スポーツ大会：便益と費用のどちらが主旨か,身体・スポーツ,https://docs.google.com/document/d/1Aw1KMRjjNFN18sRmexecuoTZh_BDdCOt_Mj4f1HaXKY/edit?usp=drivesdk,2026-09-29,v1.0,main point / opportunity cost / criteria,Published,P2本体 B010 formal compile / Publish Gate PASS,P2,A06 / RQ08 / D06,,TPL-v2-P2,B010,B010-E056,CP-DRAFT,Pass,E056|CP-DRAFT|TPL-v2-P2|v1.0
E057,多言語の公共案内：英語を毎文訳さず日本語に切り替える,言語・コミュニケーション,https://docs.google.com/document/d/1YJ9i_YRbfFdor9emrFHd8uSNGgah6Ppq0JwY-k4l7Yw/edit?usp=drivesdk,2026-09-29,v1.0,content units / English→Japanese output switching,Published,P2本体 B010 formal compile / Publish Gate PASS,P2,A24,,TPL-v2-P2,B010,B010-E057,CP-DRAFT,Pass,E057|CP-DRAFT|TPL-v2-P2|v1.0
E058,研究紹介：長い名詞句をほどいて日本語で説明する,科学技術,https://docs.google.com/document/d/1rVnOZfCmCB6vbSY036YT_v8NYLdBi8HmXaVoMm5kbZ4/edit?usp=drivesdk,2026-09-29,v1.0,head noun / modifier boundary / content units,Published,P2本体 B010 formal compile / Publish Gate PASS,P2,A06 Guided / RQ08 Guided / RF03,,TPL-v2-P2,B010,B010-E058,CP-DRAFT,Pass,E058|CP-DRAFT|TPL-v2-P2|v1.0
E059,都市計画の説明文：並列・省略・挿入を崩さず和訳する,都市・仕事・経済,https://docs.google.com/document/d/18sPfw6xCdz62AsNaPbidudxg1RFRgnQzU_f1QmRCtew/edit?usp=drivesdk,2026-09-29,v1.0,parallelism / ellipsis / parenthetical information,Published,P2本体 B010 formal compile / Publish Gate PASS,P2,D06 / RF04,,TPL-v2-P2,B010,B010-E059,CP-DRAFT,Pass,E059|CP-DRAFT|TPL-v2-P2|v1.0
E060,B010 Checkpoint：段落機能・主旨・日本語出力・構造処理,情報・メディア,https://docs.google.com/document/d/1M6UcEleATXOeQfnpp4D86WbqnVjyMgzH7GrOkNG0QdU/edit?usp=drivesdk,2026-09-29,v1.1,B010 integrated checkpoint,Published,P2本体 B010 formal compile / Publish Gate PASS; 2026-10-01 Priority A Post-solve concept-path revision,P2,A05/A06/A24/RQ07/RQ08/RF03/RF04,,TPL-v2-P2,B010,B010-E060,CP-DRAFT,Pass,E060|CP-DRAFT|TPL-v2-P2|v1.1
E061,生成AIと仕事：研究結果はどこまで言い切れるか,科学技術,https://docs.google.com/document/d/1Thoqi6dcgBWpGyEyumO7M4jmBFm_hUeoxEPKKbfztCM/edit?usp=drivesdk,2026-09-29,v1.0,hedging / claim strength,Published,P2本体 B011 formal compile / Publish Gate PASS,P2,A08 / RQ10準備,,TPL-v2-P2,B011,B011-E061,CP-DRAFT,Pass,E061|CP-DRAFT|TPL-v2-P2|v1.0
E062,国際協力の成果報告：段落機能と筆者の確信度を同時に読む,国際社会・グローバル化,https://docs.google.com/document/d/1qhokRISnNzTqyKO93XQYldt9zsLL2HZteZKi54cjVwA/edit?usp=drivesdk,2026-09-29,v1.0,paragraph function / confidence,Published,P2本体 B011 formal compile / Publish Gate PASS,P2,A05 Transfer / RQ07 Transfer / RQ10,,TPL-v2-P2,B011,B011-E062,CP-DRAFT,Pass,E062|CP-DRAFT|TPL-v2-P2|v1.0
E063,歴史資料のデジタル保存：何を主語にすると情報の流れが変わるか,歴史・記憶・アイデンティティ,https://docs.google.com/document/d/15RPOHOJQrtSd3jJJu4jh34DXeZ2N0ENPJM4aDxqu2BI/edit?usp=drivesdk,2026-09-29,v1.0,old→new information / main-point compression,Published,P2本体 B011 formal compile / Publish Gate PASS,P2,A13 / A06 Transfer / RQ08 Transfer,,TPL-v2-P2,B011,B011-E063,CP-DRAFT,Pass,E063|CP-DRAFT|TPL-v2-P2|v1.0
E064,食品ロス対策：old→newで段落をつなぐ,環境・資源・食料,https://docs.google.com/document/d/1FjplYOvPKm165N6Npc4LIa82EmRxa3aF-YlgrxBJgIU/edit?usp=drivesdk,2026-09-29,v1.0,information flow / Japanese output,Published,P2本体 B011 formal compile / Publish Gate PASS,P2,D08 / A24 Transfer / RF03,,TPL-v2-P2,B011,B011-E064,CP-DRAFT,Pass,E064|CP-DRAFT|TPL-v2-P2|v1.0
E065,生態系復元：長い構造を日本語で処理する,環境・資源・食料,https://docs.google.com/document/d/1TZrRfaGraLqbuEErblNxENG1qSLZ2uML6GTdMSVbxmc/edit?usp=drivesdk,2026-09-29,v1.0,dense prose / head noun / parallelism,Published,P2本体 B011 formal compile / Publish Gate PASS,P2,A27/A28/RF03/RF04 Transfer / RQ10 Guided / D08 Guided,,TPL-v2-P2,B011,B011-E065,CP-DRAFT,Pass,E065|CP-DRAFT|TPL-v2-P2|v1.0
E066,B011 Checkpoint：確信度・情報構造・日本語出力,教育・文化・余暇,https://docs.google.com/document/d/1jFNcnrQ0KdCIumSapKKJFulN9Tmq8iuTq1IqdCQurik/edit?usp=drivesdk,2026-09-29,v1.0,B011 integrated checkpoint,Published,P2本体 B011 formal compile / Publish Gate PASS,P2,A08/A13/D08/RQ10/RF03/RF04 Checkpoint,,TPL-v2-P2,B011,B011-E066,CP-DRAFT,Pass,E066|CP-DRAFT|TPL-v2-P2|v1.0
E067,健康案内：同じ本文を英語短答・日本語説明・和訳へ切り替える,医療・健康,https://docs.google.com/document/d/134VxMfoew5Y4NEw5JEqv5qEM1DVMxbAzwuSMc_5S9j0/edit?usp=drivesdk,2026-09-29,v1.0,format adaptation / health communication,Published,P2本体 B012 formal compile / Publish Gate PASS,P2,A23 / RF02 / RF03 / RF04,,TPL-v2-P2,B012,B012-E067,CP-DRAFT,Pass,E067|CP-DRAFT|TPL-v2-P2|v1.0
E068,録画授業は学習機会を広げるか：2つの立場を比較する,教育・文化・余暇,https://docs.google.com/document/d/1qMoF-g6QWKwaEekh-DrMgkJTl6wMcxCyw9JZRU1feDU/edit?usp=drivesdk,2026-09-29,v1.0,multi-passage comparison / claim strength,Published,P2本体 B012 formal compile / Publish Gate PASS,P2,RQ12 / SS02 / A08-RQ10 Transfer,,TPL-v2-P2,B012,B012-E068,CP-DRAFT,Pass,E068|CP-DRAFT|TPL-v2-P2|v1.0
E069,高齢者支援の連携：誰を主語にするかで説明の流れを保つ,社会・人口,https://docs.google.com/document/d/1exqNbfaq6ECF3KZbk2KWwyzm4bU3cWjqKlqhGhnkRaE/edit?usp=drivesdk,2026-09-29,v1.0,old→new / topic continuity,Published,P2本体 B012 formal compile / Publish Gate PASS,P2,A13 / D08 Transfer,,TPL-v2-P2,B012,B012-E069,CP-DRAFT,Pass,E069|CP-DRAFT|TPL-v2-P2|v1.0
E070,オンラインレビュー：匿名性と本人確認をどう比較するか,情報・メディア,https://docs.google.com/document/d/1ne_WqMqckIvCUntTOVK11SpgJG3CgV629Oer0N7bcUQ/edit?usp=drivesdk,2026-09-29,v1.0,comparison axes / output switching,Published,P2本体 B012 formal compile / Publish Gate PASS,P2,RQ12 Guided / A23 Guided,,TPL-v2-P2,B012,B012-E070,CP-DRAFT,Pass,E070|CP-DRAFT|TPL-v2-P2|v1.0
E071,再生可能エネルギーの蓄電：2本文を複数形式へ変換する,環境・資源・食料,https://docs.google.com/document/d/1lCZWa4TvOROmwHtKtGSeyta5_oq8QklHoJkgFsdSTEw/edit?usp=drivesdk,2026-09-29,v1.0,multi-passage integration / multi-format output,Published,P2本体 B012 formal compile / Publish Gate PASS,P2,A23 Transfer / RQ12 Guided / RF02-RF04,,TPL-v2-P2,B012,B012-E071,CP-DRAFT,Pass,E071|CP-DRAFT|TPL-v2-P2|v1.0
E072,B012 Checkpoint：複数本文比較・形式適応・情報構造,都市・仕事・経済,https://docs.google.com/document/d/1YhQbY0qpUK_udh3scfl2IoOQQMORUy5N4QZqMkct6Yo/edit?usp=drivesdk,2026-09-29,v1.0,B012 integrated checkpoint,Published,P2本体 B012 formal compile / Publish Gate PASS,P2,A23 / RQ12 / A08 / A13 / D08,,TPL-v2-P2,B012,B012-E072,CP-DRAFT,Pass,E072|CP-DRAFT|TPL-v2-P2|v1.0
E073,地下空間の案内設計：知らない題材でも本文から組み立てる,都市・仕事・経済,https://docs.google.com/document/d/13HJsj1XEXljcDb4xRT5Ld6E4yMKInj2nbjaNVsT3QXA/edit?usp=drivesdk,2026-09-29,v1.0,unknown-topic reading / internal definitions,Published,P2本体 B013 formal compile / Publish Gate PASS,P2,A25 / RQ02-RQ08,,TPL-v2-P2,B013,B013-E073,CP-DRAFT,Pass,E073|CP-DRAFT|TPL-v2-P2|v1.0
E074,図書館の夜間開館：本文と表を一緒に読んで判断する,教育・文化・余暇,https://docs.google.com/document/d/1oz-5Yoo0VKaNb6VIiFMgkzuNpfORHe4Y8NrlcIc-S1k/edit?usp=drivesdk,2026-09-29,v1.0,passage + table integration,Published,P2本体 B013 formal compile / Publish Gate PASS,P2,RQ13 / SS03,,TPL-v2-P2,B013,B013-E074,CP-DRAFT,Pass,E074|CP-DRAFT|TPL-v2-P2|v1.0
E075,海岸保全：2つの立場を同じ評価軸で比較する,環境・資源・食料,https://docs.google.com/document/d/1r8fvrI7v0-8nVUIuKOgXeV_26np0Y1i1QmzAUtKIU_E/edit?usp=drivesdk,2026-09-29,v1.0,multi-passage comparison transfer,Published,P2本体 B013 formal compile / Publish Gate PASS,P2,RQ12 Transfer / RQ10,,TPL-v2-P2,B013,B013-E075,CP-DRAFT,Pass,E075|CP-DRAFT|TPL-v2-P2|v1.0
E076,博物館の展示照明：未知概念と表を組み合わせる,歴史・記憶・アイデンティティ,https://docs.google.com/document/d/1qvWIkObhhI5CiiqG7m8-1z-mvvVCo-njLl5-u0XBlRY/edit?usp=drivesdk,2026-09-29,v1.0,unknown concept + table,Published,P2本体 B013 formal compile / Publish Gate PASS,P2,A25 Guided / RQ13 Guided / SS03,,TPL-v2-P2,B013,B013-E076,CP-DRAFT,Pass,E076|CP-DRAFT|TPL-v2-P2|v1.0
E077,雨水をためる街区：本文のルールを運用表へ移す,安全・リスク・危機対応,https://docs.google.com/document/d/1hGFu5eC3pehCjK04CZagULVR4mDwbjm9vRIqkaVcuQs/edit?usp=drivesdk,2026-09-29,v1.0,textual rule + operational table,Published,P2本体 B013 formal compile / Publish Gate PASS,P2,A25 Transfer / RQ13 Guided / SS03,,TPL-v2-P2,B013,B013-E077,CP-DRAFT,Pass,E077|CP-DRAFT|TPL-v2-P2|v1.0
E078,B013 Checkpoint：未知題材・本文＋表・複数資料判断,都市・仕事・経済,https://docs.google.com/document/d/1mABUrsVnuXoyqNwnuqJDClP8t27QMC5IS_ROD2uvMFU/edit?usp=drivesdk,2026-09-29,v1.0,B013 integrated checkpoint,Published,P2本体 B013 formal compile / Publish Gate PASS,P2,A25 / RQ13 / RQ12 / SS03,,TPL-v2-P2,B013,B013-E078,CP-DRAFT,Pass,E078|CP-DRAFT|TPL-v2-P2|v1.0
E079,研究資金の配分：圧縮された学術文を展開して読む,科学技術,https://docs.google.com/document/d/1AnoqvtoS7glF6Rw396axm6N44N_CGNtcripffAJD5i8/edit?usp=drivesdk,2026-09-29,v1.0,nominalization / compressed academic structure,Published,P2本体 B014 formal compile / Publish Gate PASS,P2,A29 / RQ02 / RQ08,,TPL-v2-P2,B014,B014-E079,CP-DRAFT,Pass,E079|CP-DRAFT|TPL-v2-P2|v1.0
E080,古い地図の余白：本文からどこまで推論してよいか,歴史・記憶・アイデンティティ,https://docs.google.com/document/d/1-YflaxZNypYoEFdNHio4ykmX1aUu8yknPufUnAZr2Dw/edit?usp=drivesdk,2026-09-29,v1.0,evidence-based inference / claim strength,Published,P2本体 B014 formal compile / Publish Gate PASS,P2,A07 / RQ09,,TPL-v2-P2,B014,B014-E080,CP-DRAFT,Pass,E080|CP-DRAFT|TPL-v2-P2|v1.0
E081,地域イベントの評価：全文をコピーせず要約する,家族・人間関係・共同体,https://docs.google.com/document/d/1hR-pQfQmkXhErCpXMxoiRSCqEs5Zt7MoBSq275_7PEk/edit?usp=drivesdk,2026-09-29,v1.0,whole-passage compression / relation-preserving summary,Published,P2本体 B014 formal compile / Publish Gate PASS,P2,RQ11 / A06,,TPL-v2-P2,B014,B014-E081,CP-DRAFT,Pass,E081|CP-DRAFT|TPL-v2-P2|v1.0
E082,市民講座の申込み：掲示・メール・FAQをまたいで読む,教育・文化・余暇,https://docs.google.com/document/d/1aB21Z1cerak7IiJHieF6JYMaFROKQS6vqIIQxxWQnfQ/edit?usp=drivesdk,2026-09-29,v1.0,notice-email-FAQ integration / procedural inference,Published,P2本体 B014 formal compile / Publish Gate PASS,P2,SS04 / A07 Guided / A29 Guided,,TPL-v2-P2,B014,B014-E082,CP-DRAFT,Pass,E082|CP-DRAFT|TPL-v2-P2|v1.0
E083,都市配送の共同拠点：高密度文を展開し要約する,都市・仕事・経済,https://docs.google.com/document/d/1wctiX7J8oyZ6H41z4yPe9VMcrnhWb-PM5RnmxavBqU4/edit?usp=drivesdk,2026-09-29,v1.0,dense prose expansion / guided summary,Published,P2本体 B014 formal compile / Publish Gate PASS,P2,A29 Transfer / RQ11 Guided,,TPL-v2-P2,B014,B014-E083,CP-DRAFT,Pass,E083|CP-DRAFT|TPL-v2-P2|v1.0
E084,B014 Checkpoint：推論・圧縮構造・要約・非連続資料,科学技術,https://docs.google.com/document/d/1w_8xKuviL00HfH5M1iyEAo4Nn1ul4zyyYdqBxjw55UY/edit?usp=drivesdk,2026-09-29,v1.0,B014 integrated checkpoint,Published,P2本体 B014 formal compile / Publish Gate PASS,P2,A07 / A29 / RQ09 / RQ11 / SS04,,TPL-v2-P2,B014,B014-E084,CP-DRAFT,Pass,E084|CP-DRAFT|TPL-v2-P2|v1.0
E085,研究予測：断定しすぎない答案へ直す,科学技術,https://docs.google.com/document/d/1ZgX-_oplGCCewin1iUUK6-LAapPWg7hTCU3tRrUuiyE/edit?usp=drivesdk,2026-09-29,v1.1,precision / hedging / self-revision,Published,P2本体 B015 formal compile / Publish Gate PASS; 2026-10-01 Priority A Post-solve concept-path revision,P2,WQ03 / WR01 / A08,WQ03/WQ04,TPL-v2-P2,B015,B015-E085,CP-DRAFT,Pass,E085|CP-DRAFT|TPL-v2-P2|v1.1
E086,地域交通の実証実験：本文の論理を別の提案へ転用する,都市・仕事・経済,https://docs.google.com/document/d/1d6MVe6uRPoHW_26cwu9XBFn3suu-I67uFquoYVtWZRI/edit?usp=drivesdk,2026-09-29,v1.0,free transfer / text-linked writing,Published,P2本体 B015 formal compile / Publish Gate PASS,P2,WT03 / WF06,WQ03/WQ04,TPL-v2-P2,B015,B015-E086,CP-DRAFT,Pass,E086|CP-DRAFT|TPL-v2-P2|v1.0
E087,公共空間の夜間利用：短い構想から読み手に届く段落へ,都市・仕事・経済,https://docs.google.com/document/d/1gEXPCCLAOPTKIVEEst0Vu5jiebgL1L9vWELy3rRvnpY/edit?usp=drivesdk,2026-09-29,v1.0,effective paragraph / plan-draft-revise,Published,P2本体 B015 formal compile / Publish Gate PASS,P2,WQ04 / WP01,WQ03/WQ04,TPL-v2-P2,B015,B015-E087,CP-DRAFT,Pass,E087|CP-DRAFT|TPL-v2-P2|v1.0
E088,研究結果を参加者へ返す：要約してから別の制度へ転用する,医療・健康,https://docs.google.com/document/d/1o7ZgogVcVeQGbtv43CamoSi2qenAIzKnWqBxy3RO1q8/edit?usp=drivesdk,2026-09-29,v1.0,summary-to-transfer / evidence limits,Published,P2本体 B015 formal compile / Publish Gate PASS,P2,RQ11 Transfer / WT03-WF06 Guided,WQ03/WQ04,TPL-v2-P2,B015,B015-E088,CP-DRAFT,Pass,E088|CP-DRAFT|TPL-v2-P2|v1.0
E089,学校の昼休み空間：時間内に初見題材へFree transferする,教育・文化・余暇,https://docs.google.com/document/d/1gD6qZQXkXWjRDIsn1xlrL6tB5R5-BqJbVkBaz8wx28I/edit?usp=drivesdk,2026-09-29,v1.0,timed free transfer / effective writing,Published,P2本体 B015 formal compile / Publish Gate PASS,P2,WT03 Transfer / WF06 Guided / WQ04 Guided,WQ03/WQ04,TPL-v2-P2,B015,B015-E089,CP-DRAFT,Pass,E089|CP-DRAFT|TPL-v2-P2|v1.0
E090,B015 Checkpoint：要約から本文連動英作文へ,教育・文化・余暇,https://docs.google.com/document/d/16aF994lsu3yJHJnQKFZJqQdiU1Imq6jvFKC7875lt1o/edit?usp=drivesdk,2026-09-29,v1.0,writing-integrated timed checkpoint,Published,P2本体 B015 formal compile / Publish Gate PASS,P2,RQ11 / WT03 / WF06 / WQ03-WQ04 / WP01,WQ03/WQ04,TPL-v2-P2,B015,B015-E090,CP-DRAFT,Pass,E090|CP-DRAFT|TPL-v2-P2|v1.0
E091,空き店舗の再利用：問題に対応する解決策を読む,都市・仕事・経済,https://docs.google.com/document/d/13qGh_s93AHFaQltzsZjVuHDFbKjm4NtZqKUxVCT2j1Q/edit?usp=drivesdk,2026-09-29,v1.0,problem→solution matching,Published,P2最終 B016 formal compile / Publish Gate PASS / P3 transition-ready,P2,D03 / RQ07-RQ08,WQ03/WQ04,TPL-v2-P2,B016,B016-E091,CP-DRAFT,Pass,E091|CP-DRAFT|TPL-v2-P2|v1.0
E092,公共施設のキャンセル対策：問題に合う提案を書く,家族・人間関係・共同体,https://docs.google.com/document/d/1hz9Q1jAqsoR2hDwBCWtpeQ8TmBlGHLr_953m1H82fyU/edit?usp=drivesdk,2026-09-29,v1.0,proposal / mechanism / limitation,Published,P2最終 B016 formal compile / Publish Gate PASS / P3 transition-ready,P2,WF04 / WQ04 Transfer,WQ03/WQ04,TPL-v2-P2,B016,B016-E092,CP-DRAFT,Pass,E092|CP-DRAFT|TPL-v2-P2|v1.0
E093,学習支援予算：複数基準で優先順位を決める,教育・文化・余暇,https://docs.google.com/document/d/1eXXYVVU_YwclDBz6033VoNntdHEst10yTyHEBLU9z5g/edit?usp=drivesdk,2026-09-29,v1.0,criteria-based prioritization,Published,P2最終 B016 formal compile / Publish Gate PASS / P3 transition-ready,P2,WF05 / RQ13 / SS03,WQ03/WQ04,TPL-v2-P2,B016,B016-E093,CP-DRAFT,Pass,E093|CP-DRAFT|TPL-v2-P2|v1.0
E094,学校図書館の改善：解決策と優先順位を一つの答案で示す,教育・文化・余暇,https://docs.google.com/document/d/1AJXUM1b05czHo1mUVtbBYuiee59lhwpXa_XOVnitsPw/edit?usp=drivesdk,2026-09-29,v1.0,solution + priority integration,Published,P2最終 B016 formal compile / Publish Gate PASS / P3 transition-ready,P2,WF04-WF05 Guided / WQ04 Transfer,WQ03/WQ04,TPL-v2-P2,B016,B016-E094,CP-DRAFT,Pass,E094|CP-DRAFT|TPL-v2-P2|v1.0
E095,地域防災情報：掲示とFAQから改善策を選ぶ,安全・リスク・危機対応,https://docs.google.com/document/d/1I0qYOCW5M6Oh3uUdY1FZ94yqWhOEhtEh7H_RrVe143Y/edit?usp=drivesdk,2026-09-29,v1.0,non-continuous sources + timed proposal,Published,P2最終 B016 formal compile / Publish Gate PASS / P3 transition-ready,P2,D03 Transfer / WF04-WF05 Guided / SS04,WQ03/WQ04,TPL-v2-P2,B016,B016-E095,CP-DRAFT,Pass,E095|CP-DRAFT|TPL-v2-P2|v1.0
E096,P2 Final Checkpoint：複数資料・日本語出力・要約・英作文,都市・仕事・経済,https://docs.google.com/document/d/1gxolyGZI6Ncr5MYNRW1CTn2SZnO_whbDOo0P6LX3bFU/edit?usp=drivesdk,2026-09-29,v1.0,P2 final integrated readiness checkpoint,Published,P2最終 B016 formal compile / Publish Gate PASS / P3 transition-ready,P2,RQ09-RQ13 / RF03 / WF04-WF05 / WP01,WQ03/WQ04,TPL-v2-P2,B016,B016-E096,CP-DRAFT,Pass,E096|CP-DRAFT|TPL-v2-P2|v1.0
E097,都市の暑熱対策：複数基準で最初の投資先を決める,安全・リスク・危機対応,https://docs.google.com/document/d/1zCsAkGGtgcPc9Njtz6XUq_7e_iUWHmM28G6DB78ZzlQ/edit?usp=drivesdk,2026-09-29,v1.0,criteria-based priority under uncertainty,Published,P3 B017 formal compile / Publish Gate PASS,P3,WF05 Transfer / RQ10-RQ13,WQ03/WQ04,TPL-v3-P3,B017,B017-E097,CP-DRAFT,Pass,E097|CP-DRAFT|TPL-v3-P3|v1.0
E098,地域交通の実験計画：記事・表・告知を統合する,都市・仕事・経済,https://docs.google.com/document/d/191yqPVNo_Wt816Gas1spApUYZ-rWFbYsUr06xCXbbhY/edit?usp=drivesdk,2026-09-29,v1.0,mixed-source integration / source-role reading,Published,P3 B017 formal compile / Publish Gate PASS,P3,SS05 / RQ09-RQ13,,TPL-v3-P3,B017,B017-E098,CP-DRAFT,Pass,E098|CP-DRAFT|TPL-v3-P3|v1.0
E099,研究広報：長い説明を短い英語へ再構成する,科学技術,https://docs.google.com/document/d/1ezE-KP_UbKa0KdrgyWVA1aJW8MuUXJXiG7hdJNoUh1c/edit?usp=drivesdk,2026-09-29,v1.0,audience-aware summary reconstruction,Published,P3 B017 formal compile / Publish Gate PASS,P3,WF07 / RQ11,WQ03,TPL-v3-P3,B017,B017-E099,CP-DRAFT,Pass,E099|CP-DRAFT|TPL-v3-P3|v1.0
E100,食品ロス削減：記事・集計表・店頭案内を要約へ統合する,環境・資源・食料,https://docs.google.com/document/d/15cNvmrmteF33HaEwGnlW7j21XHkVdHHcWZm38AaGtR8/edit?usp=drivesdk,2026-09-29,v1.0,mixed-source summary integration,Published,P3 B017 formal compile / Publish Gate PASS,P3,SS05 Guided / WF07 Guided,WQ03,TPL-v3-P3,B017,B017-E100,CP-DRAFT,Pass,E100|CP-DRAFT|TPL-v3-P3|v1.0
E101,博物館の予約制度：複数資料から改善案を時間内に組み立てる,教育・文化・余暇,https://docs.google.com/document/d/1a8QPN5ryY_YYwHR3Op65avtZbWnb1T-IsPrJ4ZdyU7k/edit?usp=drivesdk,2026-09-29,v1.0,mixed-source output switching / timed evaluation,Published,P3 B017 formal compile / Publish Gate PASS,P3,SS05 Transfer / RF03 / WF04-WF05,WQ03/WQ04,TPL-v3-P3,B017,B017-E101,CP-DRAFT,Pass,E101|CP-DRAFT|TPL-v3-P3|v1.0
E102,B017 Checkpoint：混合資料から要約・比較・判断を書く,教育・文化・余暇,https://docs.google.com/document/d/1LvvF9ztEJ_PiO98CTTTN7QOUkm_G7OjYUyJASjcNWoI/edit?usp=drivesdk,2026-09-29,v1.0,P3 mixed-source timed checkpoint,Published,P3 B017 formal compile / Publish Gate PASS,P3,SS05 / RQ11-RQ13 / WF05-WF07,WQ03/WQ04,TPL-v3-P3,B017,B017-E102,CP-DRAFT,Pass,E102|CP-DRAFT|TPL-v3-P3|v1.0
E103,睡眠研究の紹介文：中心情報と限界を別題材で再構成する,医療・健康,https://docs.google.com/document/d/1KlHOzoPAx179-AB9iWXJC5sHkgTqjVN99VALGnb5GfM/edit?usp=drivesdk,2026-09-29,v1.0,summary transfer / calibrated uncertainty,Published,P3 B018 formal compile / Publish Gate PASS,P3,WF07 Transfer / RQ08-RQ11,WQ03,TPL-v3-P3,B018,B018-E103,CP-DRAFT,Pass,E103|CP-DRAFT|TPL-v3-P3|v1.0
E104,科学政策の高密度英文：並列・挿入・名詞化をほどいて和訳する,科学技術,https://docs.google.com/document/d/1qN_XWnj319J0l21h9DK14BPxW5ugUNugzxf_JrCxW78/edit?usp=drivesdk,2026-09-29,v1.0,dense syntax / nominalization / translation,Published,P3 B018 formal compile / Publish Gate PASS,P3,A28-A29 / RF04,,TPL-v3-P3,B018,B018-E104,CP-DRAFT,Pass,E104|CP-DRAFT|TPL-v3-P3|v1.0
E105,オンライン授業の設計：二つの立場を比較し、条件付きで判断する,教育・文化・余暇,https://docs.google.com/document/d/1TGfcvgqD2GnQiVtMdotIhkY36wdPmSrnTAX398ot4wo/edit?usp=drivesdk,2026-09-29,v1.0,two-text comparison / conditional judgment,Published,P3 B018 formal compile / Publish Gate PASS,P3,RQ12 / WF02,WQ03/WQ04,TPL-v3-P3,B018,B018-E105,CP-DRAFT,Pass,E105|CP-DRAFT|TPL-v3-P3|v1.0
E106,公共自転車の試行：本文の評価原理を別の交通施策へ転用する,都市・仕事・経済,https://docs.google.com/document/d/1vbp0RiBL0qM_kTFbjn1OzGW7f67EyiK9yrgb2eZe5NM/edit?usp=drivesdk,2026-09-29,v1.0,far transfer from mixed-source evidence,Published,P3 B018 formal compile / Publish Gate PASS,P3,SS05 / WF06 Transfer,WQ03/WQ04,TPL-v3-P3,B018,B018-E106,CP-DRAFT,Pass,E106|CP-DRAFT|TPL-v3-P3|v1.0
E107,教育研究の一文を読み切る：和訳と英語判断を切り替える,教育・文化・余暇,https://docs.google.com/document/d/1HPjRyE_VNzxBXP1I359yRe7vTk8_HNllHTOYk5smp6U/edit?usp=drivesdk,2026-09-29,v1.0,dense prose + output switching,Published,P3 B018 formal compile / Publish Gate PASS,P3,A28-A29 / RF04 / WF06,WQ03,TPL-v3-P3,B018,B018-E107,CP-DRAFT,Pass,E107|CP-DRAFT|TPL-v3-P3|v1.0
E108,B018 Checkpoint：高密度英文・二本文比較・混合資料を60分で処理する,教育・文化・余暇,https://docs.google.com/document/d/19ZTnjmXSCi_NepU8irJVjOmHpm77AhkUaUOtIZKlzvo/edit?usp=drivesdk,2026-09-29,v1.0,P3 integrated dense/multi-source checkpoint,Published,P3 B018 formal compile / Publish Gate PASS,P3,RQ11-RQ13 / RF04 / WF06-WF07,WQ03/WQ04,TPL-v3-P3,B018,B018-E108,CP-DRAFT,Pass,E108|CP-DRAFT|TPL-v3-P3|v1.0
E109,供給網の「余裕」：知らない概念を本文だけで組み立てる,国際社会・社会・人口,https://docs.google.com/document/d/1vV4vLLUeiYlm8iMrfZ4k7o5k_VL667T1mN40vJ3ruLk/edit?usp=drivesdk,2026-09-29,v1.1,unknown-topic inference / redundancy / resilience,Published,P3 B019 formal compile / Publish Gate PASS; 2026-10-01 Priority A Post-solve concept-path revision,P3,A25 / RQ04 / D02,,TPL-v3-P3,B019,B019-E109,CP-DRAFT,Pass,E109|CP-DRAFT|TPL-v3-P3|v1.1
E110,機械翻訳の注意書き：どこまで強く言うべきか,言語・コミュニケーション,https://docs.google.com/document/d/1BtcNZjIbP7767oDXIi5hDwahme_pwE2PI5-i5b-RZgU/edit?usp=drivesdk,2026-09-29,v1.0,register / calibrated hedging / notice revision,Published,P3 B019 formal compile / Publish Gate PASS,P3,A12 / RQ10 / WF06,WQ03,TPL-v3-P3,B019,B019-E110,CP-DRAFT,Pass,E110|CP-DRAFT|TPL-v3-P3|v1.0
E111,地域スポーツの参加調査：this / they / such が何を受けるか,身体・スポーツ,https://docs.google.com/document/d/1hia-e0DuyW7OtVSNLBhUlN4nYveF2mQttNzFpcHnsaQ/edit?usp=drivesdk,2026-09-29,v1.0,proposition-level reference / example function,Published,P3 B019 formal compile / Publish Gate PASS,P3,A03 / RQ03 / D02,,TPL-v3-P3,B019,B019-E111,CP-DRAFT,Pass,E111|CP-DRAFT|TPL-v3-P3|v1.0
E112,家族介護の支援：正しい英文を自然な情報の流れへ直す,家族・人間関係・共同体,https://docs.google.com/document/d/1efFvapidpuk4JW8SJZ04pQ5hrKv6bsbORZ8jyBK_-xY/edit?usp=drivesdk,2026-09-29,v1.0,Natural / old-new information flow,Published,P3 B019 formal compile / Publish Gate PASS,P3,A18 / D08,WQ02/WQ04,TPL-v3-P3,B019,B019-E112,CP-DRAFT,Pass,E112|CP-DRAFT|TPL-v3-P3|v1.0
E113,健診案内の届き方：本文・FAQ・表から参加障壁を特定する,医療・健康,https://docs.google.com/document/d/19XcWZINTNnLzIwEONqAqQRqAM-qK48UrJ-Ye5edJCh4/edit?usp=drivesdk,2026-09-29,v1.1,mixed-source barrier diagnosis / cautious test design,Published,P3 B019 formal compile / Publish Gate PASS; 2026-10-01 Priority B selected Post-solve transfer revision,P3,SS05 / A25-A12-RQ03 / WF04,WQ03/WQ04,TPL-v3-P3,B019,B019-E113,CP-DRAFT,Pass,E113|CP-DRAFT|TPL-v3-P3|v1.1
E114,B019 Checkpoint：未知概念・指示・断定度・自然さを切り替える,環境・資源・食料,https://docs.google.com/document/d/19Lpbc8UtMmbqHaeTzTdQZbINjJPeiHBM3cIomK_qe1g/edit?usp=drivesdk,2026-09-29,v1.0,P3 unknown-topic/register/reference/Natural checkpoint,Published,P3 B019 formal compile / Publish Gate PASS,P3,A25 / A12 / RQ03-RQ04 / D02-D08 / WF06,WQ02/WQ03/WQ04,TPL-v3-P3,B019,B019-E114,CP-DRAFT,Pass,E114|CP-DRAFT|TPL-v3-P3|v1.0
E115,学習支援の公平性：反対要素を認めても主張は変わるのか,教育・文化・余暇,https://docs.google.com/document/d/1LQ08U9NlQOCQWiWCfskI50aTzs8bgeyba2oe1Q-gPSo/edit?usp=drivesdk,2026-09-29,v1.0,concession→main claim / fairness,Published,P3 B020 formal compile / Publish Gate PASS,P3,D05 / RQ06,,TPL-v3-P3,B020,B020-E115,CP-DRAFT,Pass,E115|CP-DRAFT|TPL-v3-P3|v1.0
E116,野生動物保護の事例：一つの成功例から何を一般化できるか,環境・資源・食料,https://docs.google.com/document/d/1A7FKQ1SLDEMq9Cq2ki5UNtZsXmqAMwpcyLkWZlFDoSs/edit?usp=drivesdk,2026-09-29,v1.0,example→generalization / qualified principle,Published,P3 B020 formal compile / Publish Gate PASS,P3,D09 / RQ08-RQ09,,TPL-v3-P3,B020,B020-E116,CP-DRAFT,Pass,E116|CP-DRAFT|TPL-v3-P3|v1.0
E117,電力需要の変化：原因の連鎖を切らずに説明する,環境・資源・食料,https://docs.google.com/document/d/13aA_vUBxry8Zu9Do_cxJpN-iTUo2X4XbTKrrhqyY3eg/edit?usp=drivesdk,2026-09-29,v1.0,causal chain / mechanism-based explanation,Published,P3 B020 formal compile / Publish Gate PASS,P3,D04 / RQ05 / WF03,WQ03/WQ04,TPL-v3-P3,B020,B020-E117,CP-DRAFT,Pass,E117|CP-DRAFT|TPL-v3-P3|v1.0
E118,医療AIの導入事例：利点を認めた上で何を一般化できるか,科学技術,https://docs.google.com/document/d/11QCgJwmLX2cCh_JXL9CKT4zN3S0hmelMDo6UNPU5Bic/edit?usp=drivesdk,2026-09-29,v1.0,concession + case generalization,Published,P3 B020 formal compile / Publish Gate PASS,P3,D05 Guided / D09 Guided / WF06,WQ03,TPL-v3-P3,B020,B020-E118,CP-DRAFT,Pass,E118|CP-DRAFT|TPL-v3-P3|v1.0
E119,情報ラベルの効果：複数資料から譲歩と中心主張を再構成する,情報・メディア,https://docs.google.com/document/d/1QXT4rPAwnXTsx1qVj8FV_Bcb2A7nFAxQmd0QZUowr48/edit?usp=drivesdk,2026-09-29,v1.0,mixed-source qualified evaluation,Published,P3 B020 formal compile / Publish Gate PASS,P3,D05 Transfer / SS05 / WF05,WQ03/WQ04,TPL-v3-P3,B020,B020-E119,CP-DRAFT,Pass,E119|CP-DRAFT|TPL-v3-P3|v1.0
E120,B020 Checkpoint：譲歩・一般化・因果を本番型で統合する,医療・健康,https://docs.google.com/document/d/1G6-M54OGgQFMYBeP_Kaj_wSsi8kcBoPyi4hldHYLLTU/edit?usp=drivesdk,2026-09-29,v1.0,P3 discourse integration checkpoint,Published,P3 B020 formal compile / Publish Gate PASS,P3,D04 / D05 / D09 / WF05-WF07,WQ03/WQ04,TPL-v3-P3,B020,B020-E120,CP-DRAFT,Pass,E120|CP-DRAFT|TPL-v3-P3|v1.0
E121,災害支援の配分：原則に例外を加えると主張はどう変わるか,国際社会・社会・人口,https://docs.google.com/document/d/1kY05O5Jh7VlTwgBa7UuOUwQDnzu_8TW1ZNJN2_VRyw0/edit?usp=drivesdk,2026-09-29,v1.0,exception→qualification / transparent rule,Published,P3 B021 formal compile / Publish Gate PASS,P3,D10 / RQ08-RQ10,,TPL-v3-P3,B021,B021-E121,CP-DRAFT,Pass,E121|CP-DRAFT|TPL-v3-P3|v1.0
E122,運動習慣の研究：複数段落を英語で要約する,身体・スポーツ,https://docs.google.com/document/d/1zvyENWyRw2SK9w_Cn80P2zTmh02abo4GkrM9Bdlnk-M/edit?usp=drivesdk,2026-09-29,v1.0,English summary / initiation vs maintenance,Published,P3 B021 formal compile / Publish Gate PASS,P3,RQ11 / RF05 / WF07,WQ03,TPL-v3-P3,B021,B021-E122,CP-DRAFT,Pass,E122|CP-DRAFT|TPL-v3-P3|v1.0
E123,家族介護の支援制度：例外を残したまま英語で要約する,家族・人間関係・共同体,https://docs.google.com/document/d/1pIM43pqEAHcCsoVNOzHhGMy7Jcljq1WdxmESrwirvx4/edit?usp=drivesdk,2026-09-29,v1.0,qualified rule + English summary,Published,P3 B021 formal compile / Publish Gate PASS,P3,D10 Guided / RF05 Guided,WQ03,TPL-v3-P3,B021,B021-E123,CP-DRAFT,Pass,E123|CP-DRAFT|TPL-v3-P3|v1.0
E124,多言語の公共案内：情報の優先順位を英語で圧縮する,言語・コミュニケーション,https://docs.google.com/document/d/1gbyzffxvVt3C8tAA5OgnCOl75NQVOfRjJdwMIIGNhR0/edit?usp=drivesdk,2026-09-29,v1.0,English summary / information prioritization,Published,P3 B021 formal compile / Publish Gate PASS,P3,RF05 Guided / RQ11,WQ03,TPL-v3-P3,B021,B021-E124,CP-DRAFT,Pass,E124|CP-DRAFT|TPL-v3-P3|v1.0
E125,食品寄付の安全ルール：例外条件を混合資料から判断する,環境・資源・食料,https://docs.google.com/document/d/17O2aVvropHMEEl58eKofTutJGFkJM7sFo0axRr2kDB4/edit?usp=drivesdk,2026-09-29,v1.0,mixed-source qualified operating rule,Published,P3 B021 formal compile / Publish Gate PASS,P3,D10 Transfer / SS05 / WF04,WQ03/WQ04,TPL-v3-P3,B021,B021-E125,CP-DRAFT,Pass,E125|CP-DRAFT|TPL-v3-P3|v1.0
E126,B021 Checkpoint：例外・限定・英語要約を混合資料で統合する,身体・スポーツ,https://docs.google.com/document/d/1v3rCSEbFsldnbb9xPE--k6gBXEioMoeLmtXkGE-y-rs/edit?usp=drivesdk,2026-09-29,v1.0,P3 qualification + mixed-source English summary checkpoint,Published,P3 B021 formal compile / Publish Gate PASS,P3,D10 / RF05 / RQ11-RQ13 / WF05-WF07,WQ03/WQ04,TPL-v3-P3,B021,B021-E126,CP-DRAFT,Pass,E126|CP-DRAFT|TPL-v3-P3|v1.0
E127,都市の騒音対策：何を問うと原因が見えるか,都市・仕事・経済,https://docs.google.com/document/d/1j5kbRqCTl4s91MBbaSQk2llo38lrbBTm5suqpeq9RlM/edit?usp=drivesdk,2026-09-29,v1.0,question→answer / central question,Published,P3 B022 formal compile / Publish Gate PASS,P3,D07 / RQ07-RQ09,,TPL-v3-P3,B022,B022-E127,CP-DRAFT,Pass,E127|CP-DRAFT|TPL-v3-P3|v1.0
E128,地域博物館の無料開館日：複数段落を日本語で要約する,教育・文化・余暇,https://docs.google.com/document/d/1O6B4CRX0FR3vXa3i9G_Q_Vm6klpg_U5dvtQhnbcWkr8/edit?usp=drivesdk,2026-09-29,v1.0,Japanese summary / purpose-result-limitation,Published,P3 B022 formal compile / Publish Gate PASS,P3,RQ08/RQ11 / RF06,,TPL-v3-P3,B022,B022-E128,CP-DRAFT,Pass,E128|CP-DRAFT|TPL-v3-P3|v1.0
E129,夜間学習スペース：問いと答えを保って日本語に圧縮する,教育・文化・余暇,https://docs.google.com/document/d/1QopS6s8vHhVYlhi1a2sqnROr3mB_ZMVvRDHzVDG5aoE/edit?usp=drivesdk,2026-09-29,v1.0,question→answer + Japanese summary,Published,P3 B022 formal compile / Publish Gate PASS,P3,D07 Guided / RF06 Guided,,TPL-v3-P3,B022,B022-E129,CP-DRAFT,Pass,E129|CP-DRAFT|TPL-v3-P3|v1.0
E130,規格外農産物：問いの答えを失わず日本語要約する,環境・資源・食料,https://docs.google.com/document/d/1tQnTY_kJ0_sBexVLc4Ublo1prWSs_MVJUzxzpbJ-03Y/edit?usp=drivesdk,2026-09-29,v1.0,question expansion + Japanese summary,Published,P3 B022 formal compile / Publish Gate PASS,P3,D07 / RF06 / RQ11,,TPL-v3-P3,B022,B022-E130,CP-DRAFT,Pass,E130|CP-DRAFT|TPL-v3-P3|v1.0
E131,避難支援の登録：記事・FAQ・表から原因を日本語で統合する,安全・リスク,https://docs.google.com/document/d/1gwYnHfHfJ7lH19pBk6M2vY-X-MT013awePbRyms8nlw/edit?usp=drivesdk,2026-09-29,v1.0,mixed-source Japanese summary / registration barrier,Published,P3 B022 formal compile / Publish Gate PASS,P3,D07 Transfer / RF06 / RQ12-RQ13,,TPL-v3-P3,B022,B022-E131,CP-DRAFT,Pass,E131|CP-DRAFT|TPL-v3-P3|v1.0
E132,B022 Checkpoint：問い→答え・日本語要約・日英切替を混合資料で統合する,環境・資源・食料,https://docs.google.com/document/d/18HS4NP4CleePR8IMZ2bPI1QJV02aGjg_osGhziQiM1s/edit?usp=drivesdk,2026-09-29,v1.0,P3 question→answer + Japanese summary checkpoint,Published,P3 B022 formal compile / Publish Gate PASS,P3,D07 / RF06 / RQ11-RQ13 / WF04,WQ03/WQ04,TPL-v3-P3,B022,B022-E132,CP-DRAFT,Pass,E132|CP-DRAFT|TPL-v3-P3|v1.0
E133,都市の暑さ対策：文の役割から挿入位置を決める,都市・仕事・経済,https://docs.google.com/document/d/11D6GEFvkKkScYILupbPGUmOaxJqZUPhuRsqHh8zoMW4/edit?usp=drivesdk,2026-09-29,v1.0,sentence insertion / local-global fit,Published,P3 B023 formal compile / Publish Gate PASS,P3,RF07 / D08 / RQ07-RQ08,,TPL-v3-P3,B023,B023-E133,CP-DRAFT,Pass,E133|CP-DRAFT|TPL-v3-P3|v1.0
E134,記憶と学習：接続語ではなく論理で空所を埋める,教育・文化・余暇,https://docs.google.com/document/d/1RNiSe0PJaU2cG5qDSgprmNqAzQTdhwdHDOuyfBPw9w0/edit?usp=drivesdk,2026-09-29,v1.0,logical blank / connector relation,Published,P3 B023 formal compile / Publish Gate PASS,P3,RF07 Guided / D01-D04 / RQ05,,TPL-v3-P3,B023,B023-E134,CP-DRAFT,Pass,E134|CP-DRAFT|TPL-v3-P3|v1.0
E135,地域交通の案内：照応と既知→新情報で文を挿入する,都市・仕事・経済,https://docs.google.com/document/d/1VL3XRQGjtzCazFkeX3dUuP6_hDd7zhbtuCfOQFwZKAs/edit?usp=drivesdk,2026-09-29,v1.0,reference chain / old-new information,Published,P3 B023 formal compile / Publish Gate PASS,P3,RF07 Guided / D08 / RQ03,,TPL-v3-P3,B023,B023-E135,CP-DRAFT,Pass,E135|CP-DRAFT|TPL-v3-P3|v1.0
E136,海岸保全の研究：段落の機能を保って空所を復元する,環境・資源・食料,https://docs.google.com/document/d/1WpX5-3CrJ4V_SpHyia5Z6B_XAtABkGtPqAwZwUb9AAc/edit?usp=drivesdk,2026-09-29,v1.0,paragraph function / RF07 transfer,Published,P3 B023 formal compile / Publish Gate PASS,P3,RF07 Transfer / D05 / RQ07,,TPL-v3-P3,B023,B023-E136,CP-DRAFT,Pass,E136|CP-DRAFT|TPL-v3-P3|v1.0
E137,AI翻訳の二本文：立場をまたいで挿入根拠を説明する,言語・コミュニケーション,https://docs.google.com/document/d/1kW4QkhCYD6AKXLy8_QTLdrDPjBeUIC0eH3meGR8tC7Q/edit?usp=drivesdk,2026-09-29,v1.0,two-passage insertion / local structure,Published,P3 B023 formal compile / Publish Gate PASS,P3,RF07 Transfer / RQ12 / SS02,,TPL-v3-P3,B023,B023-E137,CP-DRAFT,Pass,E137|CP-DRAFT|TPL-v3-P3|v1.0
E138,B023 Checkpoint：空所・文挿入・段落機能を60分で統合する,情報・公共制度,https://docs.google.com/document/d/1NxYfClcc_DskLvyTl6HJfe1KuuHFoM-633QmjEVfAOE/edit?usp=drivesdk,2026-09-29,v1.0,P3 RF07 checkpoint / local-global integration,Published,P3 B023 formal compile / Publish Gate PASS,P3,RF07 / RQ03/RQ07/RQ12,,TPL-v3-P3,B023,B023-E138,CP-DRAFT,Pass,E138|CP-DRAFT|TPL-v3-P3|v1.0
E139,地域イベントの成功例：一例からどこまで一般化できるか,都市・仕事・経済,https://docs.google.com/document/d/1BoJ4rkbr6Nccyupd-Es-lAghg1cMGu4-QaH0fqpB9QY/edit?usp=drivesdk,2026-09-29,v1.0,conditional generalization / claim scope,Published,P3 B024 formal compile / Publish Gate PASS,P3,D09 / RQ08-RQ10 / WF06,WQ03,TPL-v3-P3,B024,B024-E139,CP-DRAFT,Pass,E139|CP-DRAFT|TPL-v3-P3|v1.0
E140,高密度な科学説明：長い一文をほどいて日本語で説明する,科学技術・医療,https://docs.google.com/document/d/12SMmcyOSio926ebXvmAghjPZa3UnHh0Ut29NLVBYKis/edit?usp=drivesdk,2026-09-29,v1.0,dense syntax / Japanese explanation,Published,P3 B024 formal compile / Publish Gate PASS,P3,A28-A29 / RF03-RF04,,TPL-v3-P3,B024,B024-E140,CP-DRAFT,Pass,E140|CP-DRAFT|TPL-v3-P3|v1.0
E141,二つの教育提案：比較して英語で要約し判断する,教育・文化・余暇,https://docs.google.com/document/d/1hyPMAhUU4Ad7wjAqgO3lh0lwsdquCeKiJBXxBs-4fnI/edit?usp=drivesdk,2026-09-29,v1.0,comparison + English summary + judgment,Published,P3 B024 formal compile / Publish Gate PASS,P3,D06 / RQ11-RQ12 / RF05 / WF05,WQ03/WQ04,TPL-v3-P3,B024,B024-E141,CP-DRAFT,Pass,E141|CP-DRAFT|TPL-v3-P3|v1.0
E142,公共施設の案内：掲示・FAQ・メールから改善点を推論する,公共制度・地域,https://docs.google.com/document/d/1ERhQy8ukRYObr_LGdHa2BgY2RDeucuz49ajGNNX_g_c/edit?usp=drivesdk,2026-09-29,v1.0,SS04 inference / information design,Published,P3 B024 formal compile / Publish Gate PASS,P3,RQ09/RQ13 / RF03 / WF04,,TPL-v3-P3,B024,B024-E142,CP-DRAFT,Pass,E142|CP-DRAFT|TPL-v3-P3|v1.0
E143,地域の食品共有制度：混合資料から提案を書く,環境・資源・食料,https://docs.google.com/document/d/1tAkBDkd8O_7WxrtXPgjOSBgBpCiJ37USy4zNMa2mY80/edit?usp=drivesdk,2026-09-29,v1.0,mixed-source problem-solution proposal,Published,P3 B024 formal compile / Publish Gate PASS,P3,D03 / RQ13 / WF04,WQ03/WQ04,TPL-v3-P3,B024,B024-E143,CP-DRAFT,Pass,E143|CP-DRAFT|TPL-v3-P3|v1.0
E144,B024 Checkpoint：複数形式を切り替えて60分で処理する,環境・資源・エネルギー,https://docs.google.com/document/d/1t2-8MBTgU_UC-5LSCkrwh4sQ-i_EGbu5BPkLVfMoBzQ/edit?usp=drivesdk,2026-09-29,v1.0,P3 multi-format switching checkpoint,Published,P3 B024 formal compile / Publish Gate PASS,P3,RQ09/RQ12/RQ13 / RF04/RF05/RF07 / WF04,WQ03/WQ04,TPL-v3-P3,B024,B024-E144,CP-DRAFT,Pass,E144|CP-DRAFT|TPL-v3-P3|v1.0
E145,修理可能性スコア：未知概念を本文だけで組み立てる,科学技術・消費,https://docs.google.com/document/d/1Ioobu7KsFiFoWkveTnN0S7JgDfYb4qatF03xJn5TCHQ/edit?usp=drivesdk,2026-09-29,v1.0,unknown concept / scope control,Published,P3 B025 formal compile / Publish Gate PASS,P3,RQ04/RQ08-RQ10 / D09,,TPL-v3-P3,B025,B025-E145,CP-DRAFT,Pass,E145|CP-DRAFT|TPL-v3-P3|v1.0
E146,夜間照明と生態系：高密度科学文と表を統合する,環境・科学,https://docs.google.com/document/d/1wm7ud5xdXWSWfdNBOZPbd4KZTG7XfzpxNp0BkV_kCDg/edit?usp=drivesdk,2026-09-29,v1.0,dense science / passage+table integration,Published,P3 B025 formal compile / Publish Gate PASS,P3,A28-A29 / RQ13 / RF03-RF04,,TPL-v3-P3,B025,B025-E146,CP-DRAFT,Pass,E146|CP-DRAFT|TPL-v3-P3|v1.0
E147,柔軟勤務の二制度：比較して英語で要約し評価する,都市・仕事・経済,https://docs.google.com/document/d/16BtxbmcnGP4E91OST8Gu70fJe5CS_HWHO2Nkr9QoVY4/edit?usp=drivesdk,2026-09-29,v1.0,comparison / English summary / trade-off,Published,P3 B025 formal compile / Publish Gate PASS,P3,D06 / RQ12 / RF05 / WF02,WQ03/WQ04,TPL-v3-P3,B025,B025-E147,CP-DRAFT,Pass,E147|CP-DRAFT|TPL-v3-P3|v1.0
E148,緊急医薬品の備蓄：記事・規則・表を日本語で統合する,安全・リスク／医療,https://docs.google.com/document/d/1f2nLqpb6i8DRNTHbmgIUOvZ25RYr_WZTCXnZ0c9Kqxo/edit?usp=drivesdk,2026-09-29,v1.0,mixed-source Japanese summary / exception,Published,P3 B025 formal compile / Publish Gate PASS,P3,D10 / RQ13 / RF06,,TPL-v3-P3,B025,B025-E148,CP-DRAFT,Pass,E148|CP-DRAFT|TPL-v3-P3|v1.0
E149,公共AIチャット窓口：混合資料から導入条件を提案する,科学技術／公共制度,https://docs.google.com/document/d/1KeGKuX7Bw50eXW2q6u1hJIhuHHCmv4kIyC8r-AUr_F4/edit?usp=drivesdk,2026-09-29,v1.1,task-boundary proposal / human transfer,Published,P3 B025 formal compile / Publish Gate PASS; 2026-10-01 Priority B selected Post-solve transfer revision,P3,D03/D10 / RQ13 / WF04,WQ03/WQ04,TPL-v3-P3,B025,B025-E149,CP-DRAFT,Pass,E149|CP-DRAFT|TPL-v3-P3|v1.1
E150,B025 Checkpoint：初見概念・表・要約・提案を60分で統合する,環境・資源・エネルギー,https://docs.google.com/document/d/1ecI0dirReNll6ziRIHdve0w7-qpeIlJUsMEAU7oM0kc/edit?usp=drivesdk,2026-09-29,v1.0,P3 unknown-concept + mixed-source checkpoint,Published,P3 B025 formal compile / Publish Gate PASS,P3,RQ04/RQ09/RQ13 / RF05/RF07 / WF04,WQ03/WQ04,TPL-v3-P3,B025,B025-E150,CP-DRAFT,Pass,E150|CP-DRAFT|TPL-v3-P3|v1.0
E151,可逆性の価値：今すぐ決めないことを本文だけで理解する,社会・意思決定,https://docs.google.com/document/d/1oZyQ6iXT42tgHb-SBdzTPMEV-8cEzfTDrQkGSjBLLUs/edit?usp=drivesdk,2026-09-30,v1.1,unknown abstract concept / reversibility,Published,P3 B026 formal compile / Publish Gate PASS; 2026-10-01 Priority B selected Post-solve transfer revision,P3,A25 / D09 / RQ04/RQ09-RQ10,,TPL-v3-P3,B026,B026-E151,CP-DRAFT,Pass,E151|CP-DRAFT|TPL-v3-P3|v1.1
E152,沿岸観測ネットワーク：高密度文と因果連鎖を統合する,環境・科学,https://docs.google.com/document/d/1L5Aghs17MIrmBXMe28nDckP5g535pRdATAOwI46dc8Y/edit?usp=drivesdk,2026-09-30,v1.0,dense syntax / causal chain / table,Published,P3 B026 formal compile / Publish Gate PASS,P3,A28-A29 / D04 / RQ13 / RF03-RF04,,TPL-v3-P3,B026,B026-E152,CP-DRAFT,Pass,E152|CP-DRAFT|TPL-v3-P3|v1.0
E153,図書館デジタル化の二案：比較して要約し評価する,教育・文化・余暇,https://docs.google.com/document/d/1bKh8Wbd7gOYPcdxKyzqICQr8RxHEM09ovjqorwkee-s/edit?usp=drivesdk,2026-09-30,v1.0,comparison / English summary / evaluation,Published,P3 B026 formal compile / Publish Gate PASS,P3,D06 / RQ12 / RF05 / WF05,WQ03/WQ04,TPL-v3-P3,B026,B026-E153,CP-DRAFT,Pass,E153|CP-DRAFT|TPL-v3-P3|v1.0
E154,外来予約の待ち時間：本文・表・FAQから原因を推論する,医療・健康,https://docs.google.com/document/d/1mukv3sQSqmSNnYQ4vaQ8WfGmYOqYuHUcrkZPySMuWAg/edit?usp=drivesdk,2026-09-30,v1.0,multi-cause inference / schedule delay,Published,P3 B026 formal compile / Publish Gate PASS,P3,D04 / RQ09/RQ13 / RF03,,TPL-v3-P3,B026,B026-E154,CP-DRAFT,Pass,E154|CP-DRAFT|TPL-v3-P3|v1.0
E155,共同配送ロッカー：混合資料から改善案を書く,都市・仕事・経済,https://docs.google.com/document/d/1FYliW1cd0IStOe5_skxI3B6L3oJ0-hKv33b_eY0Yhoo/edit?usp=drivesdk,2026-09-30,v1.0,mixed-source barrier diagnosis / proposal,Published,P3 B026 formal compile / Publish Gate PASS,P3,D03 / RQ13 / WF04,WQ03/WQ04,TPL-v3-P3,B026,B026-E155,CP-DRAFT,Pass,E155|CP-DRAFT|TPL-v3-P3|v1.0
E156,B026 Checkpoint：未知概念・因果・複数資料・作文を60分で統合する,環境・資源・公共インフラ,https://docs.google.com/document/d/1-9R5K2dlygCfEXSaEj2938LYNvQsPiuf2jzRxZ19GbA/edit?usp=drivesdk,2026-09-30,v1.0,P3 high-pressure cumulative checkpoint,Published,P3 B026 formal compile / Publish Gate PASS,P3,RQ04/RQ09/RQ13 / RF05/RF07 / WF04,WQ03/WQ04,TPL-v3-P3,B026,B026-E156,CP-DRAFT,Pass,E156|CP-DRAFT|TPL-v3-P3|v1.0
E157,自己選択バイアス：満足度調査は誰の声を拾うか,医療・健康／研究,https://docs.google.com/document/d/1dKO5mzanMUQ4m_2fbAkeA0T0vEB7OhI9tNPGMFcT3M4/edit?usp=drivesdk,2026-09-30,v1.1,self-selection bias / evidence scope,Published,P3 B027 formal compile / Publish Gate PASS; 2026-10-01 Priority A Post-solve concept-path revision,P3,A25 / RQ04/RQ08-RQ10 / D09,,TPL-v3-P3,B027,B027-E157,CP-DRAFT,Pass,E157|CP-DRAFT|TPL-v3-P3|v1.1
E158,森林回復の指標：高密度文と表から因果を読み分ける,環境・科学,https://docs.google.com/document/d/1pbSLcsMhAm0YlDBf2Tq8ElFlsKXgD50eHfDZR2n3WAE/edit?usp=drivesdk,2026-09-30,v1.0,dense syntax / indicator vs causation,Published,P3 B027 formal compile / Publish Gate PASS,P3,A28-A29 / D04 / RQ13 / RF03-RF04,,TPL-v3-P3,B027,B027-E158,CP-DRAFT,Pass,E158|CP-DRAFT|TPL-v3-P3|v1.0
E159,大学の学習支援：一律支援と対象支援を比較して評価する,教育・文化・余暇,https://docs.google.com/document/d/1MiS_5BZT_LtkhAAnHyyFdUB1S9MwzPceQHbFMWQjkx8/edit?usp=drivesdk,2026-09-30,v1.1,comparison / English summary / evaluation,Published,P3 B027 formal compile / Publish Gate PASS; 2026-10-01 Priority A Post-solve concept-path revision,P3,D06 / RQ12 / RF05 / WF05,WQ03/WQ04,TPL-v3-P3,B027,B027-E159,CP-DRAFT,Pass,E159|CP-DRAFT|TPL-v3-P3|v1.1
E160,災害時の充電拠点：掲示・FAQ・表を日本語で統合する,安全・リスク／公共制度,https://docs.google.com/document/d/1TSTJsvnmvFFfes7zUVAsg_CYTyKl4Pc0WasngnkL0rg/edit?usp=drivesdk,2026-09-30,v1.0,mixed-source Japanese summary / constraints,Published,P3 B027 formal compile / Publish Gate PASS,P3,D10 / RQ13 / RF06,,TPL-v3-P3,B027,B027-E160,CP-DRAFT,Pass,E160|CP-DRAFT|TPL-v3-P3|v1.0
E161,地域シェアサイクル：混合資料から改善案を書く,都市・仕事・経済,https://docs.google.com/document/d/1gHJgfHRw412DDayczcepBAft1YslVAS5ftLzlrVAiFc/edit?usp=drivesdk,2026-09-30,v1.0,mixed-source imbalance diagnosis / proposal,Published,P3 B027 formal compile / Publish Gate PASS,P3,D03 / RQ13 / WF04,WQ03/WQ04,TPL-v3-P3,B027,B027-E161,CP-DRAFT,Pass,E161|CP-DRAFT|TPL-v3-P3|v1.0
E162,B027 Checkpoint：未知概念・複数資料・要約・提案を本番型で統合する,安全・リスク／公共インフラ,https://docs.google.com/document/d/1FhjJVh4RmSCUhjRBjkLki7Pr1q-Cs-sX8IohJeWtk04/edit?usp=drivesdk,2026-09-30,v1.0,P3 near-exam cumulative checkpoint,Published,P3 B027 formal compile / Publish Gate PASS,P3,RQ04/RQ09/RQ13 / RF05/RF07 / WF04,WQ03/WQ04,TPL-v3-P3,B027,B027-E162,CP-DRAFT,Pass,E162|CP-DRAFT|TPL-v3-P3|v1.0
E163,平均への回帰：改善が介入の効果とは限らない,研究・データ解釈,https://docs.google.com/document/d/1GHjSJWpONk8snxjtUiAbXIcj1B7ClgnyrU8bNZHWaqw/edit?usp=drivesdk,2026-09-30,v1.0,regression to mean / causal caution,Published,P3 B028 formal compile / Publish Gate PASS,P3,A25 / RQ04/RQ09-RQ10 / D04,,TPL-v3-P3,B028,B028-E163,CP-DRAFT,Pass,E163|CP-DRAFT|TPL-v3-P3|v1.0
E164,都市の浸水対策：高密度文と表から容量・頻度・限界を読む,環境・公共インフラ,https://docs.google.com/document/d/10DoVlfdJ5FeQBjx7hiSsPcdTNhZrLG4CLUEbpq1bw8I/edit?usp=drivesdk,2026-09-30,v1.0,dense infrastructure / table integration,Published,P3 B028 formal compile / Publish Gate PASS,P3,A28-A29 / D04 / RQ13 / RF03-RF04,,TPL-v3-P3,B028,B028-E164,CP-DRAFT,Pass,E164|CP-DRAFT|TPL-v3-P3|v1.0
E165,授業録画の二制度：全面公開と選択公開を比較して評価する,教育・文化・余暇,https://docs.google.com/document/d/1l12dZd3wFjWX0JbqRfluta8tudf2yvUCHzQ_q4Q6T6A/edit?usp=drivesdk,2026-09-30,v1.0,comparison / summary / policy evaluation,Published,P3 B028 formal compile / Publish Gate PASS,P3,D06 / RQ12 / RF05 / WF05,WQ03/WQ04,TPL-v3-P3,B028,B028-E165,CP-DRAFT,Pass,E165|CP-DRAFT|TPL-v3-P3|v1.0
E166,給水制限の案内：掲示・FAQ・表を日本語で統合する,環境・資源・公共制度,https://docs.google.com/document/d/1CT07s17vFmcJe6RvOKWBFxM9AVNmEqIItLJCIrKtUV0/edit?usp=drivesdk,2026-09-30,v1.0,mixed-source Japanese summary / policy constraints,Published,P3 B028 formal compile / Publish Gate PASS,P3,D10 / RQ13 / RF06,,TPL-v3-P3,B028,B028-E166,CP-DRAFT,Pass,E166|CP-DRAFT|TPL-v3-P3|v1.0
E167,公共施設の予約枠：混合資料から改善案を書く,公共制度・地域,https://docs.google.com/document/d/1qo6PY5uHbO17Zm4xqoHpow1tbBQ70xBEav7jX1Ox_KM/edit?usp=drivesdk,2026-09-30,v1.0,reservation capacity loss / proposal,Published,P3 B028 formal compile / Publish Gate PASS,P3,D03 / RQ13 / WF04,WQ03/WQ04,TPL-v3-P3,B028,B028-E167,CP-DRAFT,Pass,E167|CP-DRAFT|TPL-v3-P3|v1.0
E168,B028 Checkpoint：初見概念・高密度文・複数資料・作文を60分で処理する,交通・公共インフラ,https://docs.google.com/document/d/1UzGAEGS8UhBd2SsqLuFHLOEtmCA4tL-Xh-0gJo3BllI/edit?usp=drivesdk,2026-09-30,v1.0,P3 full mixed-format checkpoint,Published,P3 B028 formal compile / Publish Gate PASS,P3,A25/A29 / RQ04/RQ13 / RF05/RF07 / WF04,WQ03/WQ04,TPL-v3-P3,B028,B028-E168,CP-DRAFT,Pass,E168|CP-DRAFT|TPL-v3-P3|v1.0
E169,基準率の落とし穴：目立つ事例だけで確率を判断しない,研究・データ解釈,https://docs.google.com/document/d/1XoeznmWQCRsTp5wH_lUUIZLd480jWr-cYBjEcVCRINs/edit?usp=drivesdk,2026-09-30,v1.0,unknown probability concept + table reasoning,Published,P3 B029 formal compile / Publish Gate PASS,P3,"RQ04,RQ09,RQ13 / RF02",,TPL-v3-P3,B029,B029-E169,CP-DRAFT,Pass,E169|CP-DRAFT|TPL-v3-P3|v1.0
E170,都市の熱対策：高密度文と表から平均値・ピーク・公平性を読む,環境・公共政策,https://docs.google.com/document/d/1Zm51wlcXWOjnrT3q0eQvSbckQLhWc1bc4QQepEDkwUo/edit?usp=drivesdk,2026-09-30,v1.1,dense passage + average/peak/equity metrics,Published,P3 B029 formal compile / Publish Gate PASS; 2026-10-01 Priority A Post-solve concept-path revision,P3,"RQ09,RQ13 / RF03,RF04",,TPL-v3-P3,B029,B029-E170,CP-DRAFT,Pass,E170|CP-DRAFT|TPL-v3-P3|v1.1
E171,研究データ公開の二案：全面公開と段階公開を比較して評価する,研究・情報,https://docs.google.com/document/d/1C9RCQI3a-bB87ZoOfT76y1bSvBzMrd8y_Xxnglzn0tk/edit?usp=drivesdk,2026-09-30,v1.0,two-policy comparison + summary + evaluation,Published,P3 B029 formal compile / Publish Gate PASS,P3,"RQ09,RQ10,RQ12 / RF05 / WF05",WQ03/WQ04,TPL-v3-P3,B029,B029-E171,CP-DRAFT,Pass,E171|CP-DRAFT|TPL-v3-P3|v1.0
E172,大雪時の公共交通案内：掲示・FAQ・表を日本語で統合する,安全・リスク／交通,https://docs.google.com/document/d/1QUkxZi7cw39eZOz1hw5RlRdpcVlKLaJ8-B0YSLBkmjc/edit?usp=drivesdk,2026-09-30,v1.0,SS05 disruption constraints + Japanese summary,Published,P3 B029 formal compile / Publish Gate PASS,P3,"RQ09,RQ13 / RF06",,TPL-v3-P3,B029,B029-E172,CP-DRAFT,Pass,E172|CP-DRAFT|TPL-v3-P3|v1.0
E173,地域検診の予約枠：混合資料から受診障壁を減らす提案を書く,医療・健康／公共制度,https://docs.google.com/document/d/1MVLL-3Tz30lQADGefoKwsi1C66nUt6sAq0aJlIu_bgk/edit?usp=drivesdk,2026-09-30,v1.0,SS05 access-barrier diagnosis + targeted proposal,Published,P3 B029 formal compile / Publish Gate PASS,P3,RQ13 / RF02 / WF04,WQ03/WQ04,TPL-v3-P3,B029,B029-E173,CP-DRAFT,Pass,E173|CP-DRAFT|TPL-v3-P3|v1.0
E174,B029 Checkpoint：初見概念・高密度文・表・要約・提案を模試型で統合する,情報・公共インフラ,https://docs.google.com/document/d/1rW4aCN97uXyxeoKoIjfWEPcrJmXEkNAltdvXGwZrgkA/edit?usp=drivesdk,2026-09-30,v1.0,P3 mock-style full mixed-format checkpoint,Published,P3 B029 formal compile / Publish Gate PASS,P3,"RQ04,RQ09,RQ13 / RF05,RF07 / WF04",WQ03/WQ04,TPL-v3-P3,B029,B029-E174,CP-DRAFT,Pass,E174|CP-DRAFT|TPL-v3-P3|v1.0
E175,可視事例の偏り：見えている例だけで判断しない,研究・データ解釈,https://docs.google.com/document/d/10Izo5iZaecVPVNY4wBViG-CCt7igu6OdhV3L1cA2FLQ/edit?usp=drivesdk,2026-09-30,v1.1,visibility-selection bias + table reasoning,Published,P3 B030 formal compile / Publish Gate PASS; 2026-10-01 Priority A Post-solve concept-path revision,P3,"RQ04,RQ09,RQ13 / RF02",,TPL-v3-P3,B030,B030-E175,CP-DRAFT,Pass,E175|CP-DRAFT|TPL-v3-P3|v1.1
E176,河川の渇水対策：高密度文と表から蓄え・流入・需要を読む,環境・資源,https://docs.google.com/document/d/1cziwzh7RQVfIG7LvsGsRJMj4P1IPjsTAv4gRKxYLX5Q/edit?usp=drivesdk,2026-09-30,v1.0,dense stock-flow explanation + table integration,Published,P3 B030 formal compile / Publish Gate PASS,P3,"RQ09,RQ13 / RF03,RF04",,TPL-v3-P3,B030,B030-E176,CP-DRAFT,Pass,E176|CP-DRAFT|TPL-v3-P3|v1.0
E177,学習支援の二制度：自由利用と課題限定利用を比較して評価する,教育・情報,https://docs.google.com/document/d/1ShD4xIjmhTCw-SKn0BOVmpd3vgsfl0CGCX1_5Dcofj4/edit?usp=drivesdk,2026-09-30,v1.0,two-policy comparison + summary + evaluation,Published,P3 B030 formal compile / Publish Gate PASS,P3,"RQ09,RQ10,RQ12 / RF05 / WF05",WQ03/WQ04,TPL-v3-P3,B030,B030-E177,CP-DRAFT,Pass,E177|CP-DRAFT|TPL-v3-P3|v1.0
E178,施設利用情報：掲示・FAQ・表を日本語で統合する,公共制度・地域,https://docs.google.com/document/d/1eJ3BdDOVuHZxRPtmXSz1JmG4AgXMm_q2ePtfKE1Od_4/edit?usp=drivesdk,2026-09-30,v1.0,SS05 capacity/time constraints + Japanese summary,Published,P3 B030 formal compile / Publish Gate PASS,P3,"RQ09,RQ13 / RF06",,TPL-v3-P3,B030,B030-E178,CP-DRAFT,Pass,E178|CP-DRAFT|TPL-v3-P3|v1.0
E179,再利用品シェア拠点：混合資料から廃棄削減とアクセス改善を提案する,環境・資源・消費,https://docs.google.com/document/d/1m_EdDNhnId7Oiw9JaikNIiHrvl9C1fpoUlJGeSywDsE/edit?usp=drivesdk,2026-09-30,v1.0,SS05 supply-access mismatch + targeted proposal,Published,P3 B030 formal compile / Publish Gate PASS,P3,RQ13 / RF02 / WF04,WQ03/WQ04,TPL-v3-P3,B030,B030-E179,CP-DRAFT,Pass,E179|CP-DRAFT|TPL-v3-P3|v1.0
E180,B030 Checkpoint：情報鮮度・高密度文・表・要約・提案を総合模試型で統合する,教育・情報／公共サービス,https://docs.google.com/document/d/1tgQQOKc4SGettCAwAXYJiaMdftiPA0ewyrQCozVChKA/edit?usp=drivesdk,2026-09-30,v1.0,P3 milestone mock-style cumulative checkpoint,Published,P3 B030 formal compile / Publish Gate PASS,P3,"RQ04,RQ09,RQ13 / RF05,RF07 / WF04",WQ03/WQ04,TPL-v3-P3,B030,B030-E180,CP-DRAFT,Pass,E180|CP-DRAFT|TPL-v3-P3|v1.0
E181,古い記録の語をどう読むか：言い換え・指示語・具体例から意味の射程を追う,言語・文化・歴史,https://docs.google.com/document/d/1yGMCklqBUoglQ-XEO8XlHRwaH29evWps_kAQgTxN2qE/edit?usp=drivesdk,2026-09-30,v1.0,paraphrase scope + reference tracking + translation,Published,P3 B031 formal compile / Publish Gate PASS,P3,"RQ02,RQ03,RQ09 / RF03,RF04",,TPL-v3-P3,B031,B031-E181,CP-DRAFT,Pass,E181|CP-DRAFT|TPL-v3-P3|v1.0
E182,測定値の桁数と信頼性：精密そうに見える数字をどう評価するか,科学技術・研究方法,https://docs.google.com/document/d/10RCtc-y9iACLWsIrjoXulrAd2f86BH8WVqYjcglFqj0/edit?usp=drivesdk,2026-09-30,v1.0,concession-limited measurement reasoning + repeatability table,Published,P3 B031 formal compile / Publish Gate PASS,P3,"RQ06,RQ09,RQ10 / RF03",,TPL-v3-P3,B031,B031-E182,CP-DRAFT,Pass,E182|CP-DRAFT|TPL-v3-P3|v1.0
E183,一度の大規模調査か、小規模な反復観察か：二つの調査設計を比較する,教育・研究,https://docs.google.com/document/d/1eQGi1egXSHgArvN6_p9cfvJWqh3BlgIBAbbqz-bIvLw/edit?usp=drivesdk,2026-09-30,v1.0,two-design comparison + summary + trade-off,Published,P3 B031 formal compile / Publish Gate PASS,P3,"RQ09,RQ12 / RF05 / WF02",WQ03/WQ04,TPL-v3-P3,B031,B031-E183,CP-DRAFT,Pass,E183|CP-DRAFT|TPL-v3-P3|v1.0
E184,博物館展示をどう読むか：カタログ・学芸員メモ・配置表を日本語で統合する,教育・文化・歴史,https://docs.google.com/document/d/115cTnVSckyktMubuMoarzj8H9bS8I9In99705OfSs1w/edit?usp=drivesdk,2026-09-30,v1.0,SS05 exhibit-source integration + Japanese summary,Published,P3 B031 formal compile / Publish Gate PASS,P3,"RQ03,RQ13 / RF06",,TPL-v3-P3,B031,B031-E184,CP-DRAFT,Pass,E184|CP-DRAFT|TPL-v3-P3|v1.0
E185,復習間隔と記憶成績：相関から因果説明を作りすぎない,教育・学習科学,https://docs.google.com/document/d/1S4USjBaJpCzCUkM8rzpx7FJSgNoKMk2SP0YVnodBWqc/edit?usp=drivesdk,2026-09-30,v1.1,observational causality + mechanism + evidence threshold,Published,P3 B031 formal compile / Publish Gate PASS; 2026-10-01 Priority A Post-solve concept-path revision,P3,"RQ05,RQ09 / RF02 / WF03",WQ03/WQ04,TPL-v3-P3,B031,B031-E185,CP-DRAFT,Pass,E185|CP-DRAFT|TPL-v3-P3|v1.1
E186,B031 Checkpoint：言い換え・指示語・譲歩・複数資料・比較作文を統合する,情報・文化・研究,https://docs.google.com/document/d/1J8ZukJmmd0MM93L9RZhxPBDoPiD25Hx2KHtjk-aqVUw/edit?usp=drivesdk,2026-09-30,v1.0,P3 underused-axis cumulative checkpoint,Published,P3 B031 formal compile / Publish Gate PASS,P3,"RQ02,RQ03,RQ06,RQ12 / RF05 / WF02",WQ03/WQ04,TPL-v3-P3,B031,B031-E186,CP-DRAFT,Pass,E186|CP-DRAFT|TPL-v3-P3|v1.0
E187,専門家の説明はなぜ分かりにくくなるのか：問い・答え・主旨を追う,言語・認知・教育,https://docs.google.com/document/d/1kyx_tsoOl0SlSKAGtFb6B2EuRc3OtKbu2q9sHZgkfm8/edit?usp=drivesdk,2026-09-30,v1.0,question-answer structure + main point + qualified short answer,Published,P3 B032 formal compile / Publish Gate PASS,P3,"RQ08,RQ09,RQ10 / RF02",,TPL-v3-P3,B032,B032-E187,CP-DRAFT,Pass,E187|CP-DRAFT|TPL-v3-P3|v1.0
E188,野外観測の例外をどう読むか：平均傾向と局所条件を分ける,環境・研究方法,https://docs.google.com/document/d/1LNVRozVcFmWQjkJBXDi_DieTj1cxm83-WjgsVMIQ9Uk/edit?usp=drivesdk,2026-09-30,v1.0,exception-to-qualification + field-data integration,Published,P3 B032 formal compile / Publish Gate PASS,P3,"RQ09,RQ13 / RF03",,TPL-v3-P3,B032,B032-E188,CP-DRAFT,Pass,E188|CP-DRAFT|TPL-v3-P3|v1.0
E189,匿名フィードバックと公開フィードバック：二制度を評価する,教育・コミュニケーション,https://docs.google.com/document/d/1tPtggOJIYLARIv8kp0DmC0_vrWIawaF52y-SJV02bGQ/edit?usp=drivesdk,2026-09-30,v1.0,two-system comparison + summary + conditional evaluation,Published,P3 B032 formal compile / Publish Gate PASS,P3,"RQ09,RQ10,RQ12 / RF05 / WF05",WQ03/WQ04,TPL-v3-P3,B032,B032-E189,CP-DRAFT,Pass,E189|CP-DRAFT|TPL-v3-P3|v1.0
E190,古いモデルは「誤り」になったのか：旧説から新説への更新を読む,科学技術・研究方法,https://docs.google.com/document/d/1yse25gq8rwqUJGXrXLcPPTnLZWDcM6tT3H2q7QWxpzc/edit?usp=drivesdk,2026-09-30,v1.0,old-to-new model revision + scope-limited translation,Published,P3 B032 formal compile / Publish Gate PASS,P3,"RQ03,RQ08,RQ09 / RF04",,TPL-v3-P3,B032,B032-E190,CP-DRAFT,Pass,E190|CP-DRAFT|TPL-v3-P3|v1.0
E191,出土品の由来をどう判断するか：記録・ラベル・材料分析を統合する,文化・歴史・研究,https://docs.google.com/document/d/1eVYDhx9t-Z7QKlUtQH4R7IN8afTblyqF9Esh9roX9QU/edit?usp=drivesdk,2026-09-30,v1.0,SS05 provenance evidence integration + cautious generalization,Published,P3 B032 formal compile / Publish Gate PASS,P3,"RQ09,RQ13 / RF06",,TPL-v3-P3,B032,B032-E191,CP-DRAFT,Pass,E191|CP-DRAFT|TPL-v3-P3|v1.0
E192,B032 Checkpoint：主旨・例外・旧説更新・複数資料・評価を総合する,科学・データ・研究,https://docs.google.com/document/d/1-nm4VyUayRNnill37SZHeQS-fokqgsAsm1mH4wl3rso/edit?usp=drivesdk,2026-09-30,v1.0,P3 structure-and-evidence cumulative checkpoint,Published,P3 B032 formal compile / Publish Gate PASS,P3,"RQ08,RQ10,RQ13 / RF05 / WF05",WQ03/WQ04,TPL-v3-P3,B032,B032-E192,CP-DRAFT,Pass,E192|CP-DRAFT|TPL-v3-P3|v1.0
E193,チェックリストはなぜ効かなくなるのか：段落機能と文挿入で論理を追う,安全・リスク,https://docs.google.com/document/d/1cRYCWFjoT7cmyc1eOxDY_R2vKrXtNcCGBXtOMDY32vE/edit?usp=drivesdk,2026-09-30,v1.0,paragraph-function tracking + sentence insertion,Published,P3 B033 formal compile / Publish Gate PASS,P3,"RQ07,RQ09 / RF07",,TPL-v3-P3,B033,B033-E193,CP-DRAFT,Pass,E193|CP-DRAFT|TPL-v3-P3|v1.0
E194,代理指標は目的そのものではない：高密度文から測定の限界を読む,科学技術,https://docs.google.com/document/d/19FjleMCqxLFmeVyNZZYioXxh_SGeRWlSyogr6vDcOOI/edit?usp=drivesdk,2026-09-30,v1.1,proxy concept construction + dense-sentence decomposition + translation,Published,P3 B033 formal compile / Publish Gate PASS; 2026-10-01 Priority A Post-solve concept-path revision,P3,"RQ04,RQ09 / RF04",,TPL-v3-P3,B033,B033-E194,CP-DRAFT,Pass,E194|CP-DRAFT|TPL-v3-P3|v1.1
E195,古い建物を残すとはどういうことか：二本文要約から本文連動作文へ,教育・文化・余暇,https://docs.google.com/document/d/1-K3-ugaYqLzc1y_ylPp1splgrkF6qmy7nQRo3H26-kQ/edit?usp=drivesdk,2026-09-30,v1.0,paired-passage summary + summary-linked writing,Published,P3 B033 formal compile / Publish Gate PASS,P3,RQ12 / RF05 / WF07,WQ03/WQ04,TPL-v3-P3,B033,B033-E195,CP-DRAFT,Pass,E195|CP-DRAFT|TPL-v3-P3|v1.0
E196,再現実験の結果が一致しないとき：手順書・実験メモ・表を統合する,科学技術,https://docs.google.com/document/d/1zoanKnLjAC-8-hX24ROQK8qzcyHf3O7KBeo7akC-BZc/edit?usp=drivesdk,2026-09-30,v1.0,SS05 replication evidence integration + qualified Japanese synthesis,Published,P3 B033 formal compile / Publish Gate PASS,P3,RQ13 / RF06,,TPL-v3-P3,B033,B033-E196,CP-DRAFT,Pass,E196|CP-DRAFT|TPL-v3-P3|v1.0
E197,選択肢の初期設定は行動をどう変えるか：本文の考え方を別場面へ転用する,教育・文化・余暇,https://docs.google.com/document/d/1ce8mGQH7TvUFneq3OZGXPpqD0KDrLB1-ut6hZyFffkI/edit?usp=drivesdk,2026-09-30,v1.1,text-linked mechanism transfer to a new decision setting,Published,P3 B033 formal compile / Publish Gate PASS; 2026-10-01 Priority A Post-solve concept-path revision,P3,"RQ05,RQ09 / WF06",WQ03/WQ04,TPL-v3-P3,B033,B033-E197,CP-DRAFT,Pass,E197|CP-DRAFT|TPL-v3-P3|v1.1
E198,B033 Checkpoint：段落機能・文挿入・高密度文・要約・本文連動作文を統合する,情報・メディア,https://docs.google.com/document/d/1__hYtvnUpI0ahp5qh6ZrtwBBKpnAywFp5P5MpH8B0fo/edit?usp=drivesdk,2026-09-30,v1.0,P3 near-final mixed-format checkpoint,Published,P3 B033 formal compile / Publish Gate PASS,P3,"RQ07,RQ11,RQ13 / RF05,RF07 / WF06",WQ03/WQ04,TPL-v3-P3,B033,B033-E198,CP-DRAFT,Pass,E198|CP-DRAFT|TPL-v3-P3|v1.0
E199,「示している」と「証明している」を分ける：証拠の強さに合わせて主張を調整する,科学技術,https://docs.google.com/document/d/1KQWsrEBio5_zMZSkhSAF3hFs54ae3-oMKzq1Rtny15I/edit?usp=drivesdk,2026-09-30,v1.0,claim calibration + observational evidence + table,Published,P3 B034 Final Gate / Publish Gate PASS,P3,"RQ09,RQ10 / RF03",,TPL-v3-P3,B034,B034-E199,CP-DRAFT,Pass,E199|CP-DRAFT|TPL-v3-P3|v1.0
E200,「分かりやすさ」はどこで生まれるか：指示語・段落機能・文挿入を統合する,言語・コミュニケーション,https://docs.google.com/document/d/1lOY70nLhyZZXoOtkoh7wJMXT125jiv2ydsYvKuqkRvk/edit?usp=drivesdk,2026-09-30,v1.0,reference tracking + paragraph function + sentence insertion,Published,P3 B034 Final Gate / Publish Gate PASS,P3,"RQ03,RQ07,RQ08 / RF07",,TPL-v3-P3,B034,B034-E200,CP-DRAFT,Pass,E200|CP-DRAFT|TPL-v3-P3|v1.0
E201,平均値の改善は誰の改善か：高密度文・表・和訳から分布を読む,教育・文化・余暇,https://docs.google.com/document/d/1DEKqY8BfaTH-BllPZW64V96wIZ5T7qO_uQc08uKpH_o/edit?usp=drivesdk,2026-09-30,v1.1,aggregate-vs-individual reasoning + dense sentence + translation,Published,P3 B034 Final Gate / Publish Gate PASS; 2026-10-01 Priority A Post-solve concept-path revision,P3,"RQ09,RQ13 / RF04",,TPL-v3-P3,B034,B034-E201,CP-DRAFT,Pass,E201|CP-DRAFT|TPL-v3-P3|v1.1
E202,速く決めるか、深く検討するか：二本文要約から条件付き評価を書く,医療・健康,https://docs.google.com/document/d/1kIYL3z_hcnGZplI2nw25HS3BwaSr79PMEPVu6mE0GRI/edit?usp=drivesdk,2026-09-30,v1.0,paired summary + conditional evaluation + stopping rule,Published,P3 B034 Final Gate / Publish Gate PASS,P3,"RQ09,RQ12 / RF05 / WF05,WF07",WQ03/WQ04,TPL-v3-P3,B034,B034-E202,CP-DRAFT,Pass,E202|CP-DRAFT|TPL-v3-P3|v1.0
E203,記録の欠損をどう扱うか：本文・表・注記から「分からない」を正確に残す,歴史・記憶・アイデンティティ,https://docs.google.com/document/d/1PE8xubkKkdzf-SRCMFaNtrJxdq8rI4DqJmI-SDM6WsI/edit?usp=drivesdk,2026-09-30,v1.0,missing-data integration + Japanese synthesis + text-linked proposal,Published,P3 B034 Final Gate / Publish Gate PASS,P3,"RQ03,RQ09,RQ13 / RF06 / WF06",WQ03/WQ04,TPL-v3-P3,B034,B034-E203,CP-DRAFT,Pass,E203|CP-DRAFT|TPL-v3-P3|v1.0
E204,P3 Final Gate：初見概念・高密度文・複数資料・要約・記述・英作文を60分で統合する,都市・仕事・経済,https://docs.google.com/document/d/11an6Ohy8l4p5P6CasxVkt3zgYX0-ah_Q5VEJamjHvfM/edit?usp=drivesdk,2026-09-30,v1.0,P3 Final Gate cumulative mock + explicit exit criterion,Published,P3 B034 Final Gate / Publish Gate PASS,P3,"RQ08,RQ09,RQ13 / RF05,RF07 / WF05,WF06,WF07",WQ03/WQ04,TPL-v3-P3,B034,B034-E204,CP-DRAFT,Pass,E204|CP-DRAFT|TPL-v3-P3|v1.0
E205,筑波Day1：長文①―30〜60字の日本語説明・空所・見出しを処理する,教育・文化・余暇,https://docs.google.com/document/d/1BEk2JWmnjUYL4NvzsLgmotjN--Znj2wG-gQXQBAFM0w/edit?usp=drivesdk,2026-09-30,v1.0,Tsukuba Q1-style reading + 30/50/60-char Japanese explanation + cloze/heading/order,Published,P4 B035 Tsukuba 2023-2026 paper-calibrated / Publish Gate PASS,P4,"RQ03,RQ07,RQ08,RQ09 / RF03,RF07",,TPL-v4-P4-TSK,B035,B035-E205,CP-DRAFT,Pass,E205|CP-DRAFT|TPL-v4-P4-TSK|v1.0
E206,筑波Day2：長文②―40〜80字記述・空所・文挿入を処理する,科学技術,https://docs.google.com/document/d/1oH9njBKo2VMZO9CSzO2GHCWbHAqA0vs7dxhff4c5oWA/edit?usp=drivesdk,2026-09-30,v1.0,Tsukuba Q2-style science reading + 40–80-char Japanese explanation + cloze/insertion,Published,P4 B035 Tsukuba 2023-2026 paper-calibrated / Publish Gate PASS,P4,"RQ09,RQ13 / RF03,RF07",,TPL-v4-P4-TSK,B035,B035-E206,CP-DRAFT,Pass,E206|CP-DRAFT|TPL-v4-P4-TSK|v1.0
E207,筑波Day3：大問3A―整序3問で「3番目・5番目」を正確に答える,言語・コミュニケーション,https://docs.google.com/document/d/1ecDF3zDW1tNvwhSh5h4CL2xhsm8SbHa8N1OYxB8zGRw/edit?usp=drivesdk,2026-09-30,v1.0,Tsukuba Q3A-style word order + designated 3rd/5th position accuracy,Published,P4 B035 Tsukuba 2023-2026 paper-calibrated / Publish Gate PASS,P4,,,TPL-v4-P4-TSK,B035,B035-E207,CP-DRAFT,Pass,E207|CP-DRAFT|TPL-v4-P4-TSK|v1.0
E208,筑波Day4：大問3B―約100語で「立場・理由・具体例」を書く,社会・人口,https://docs.google.com/document/d/1hTNeb3W47oUYdqx8c0Nf6cUWf6v7sHBRdDjNxE5APqc/edit?usp=drivesdk,2026-09-30,v1.0,Tsukuba Q3B-style about-100-word free composition,Published,P4 B035 Tsukuba 2023-2026 paper-calibrated / Publish Gate PASS,P4,WF01 / WT03,WQ03/WQ04,TPL-v4-P4-TSK,B035,B035-E208,CP-DRAFT,Pass,E208|CP-DRAFT|TPL-v4-P4-TSK|v1.0
E209,筑波Day5：30・50・60・90字―日本語記述の論理パッキング,科学技術,https://docs.google.com/document/d/1NVwic5QZBpMW8DOlcf5jPnufma5olwfvnf8r12TGGc0/edit?usp=drivesdk,2026-09-30,v1.0,Tsukuba strict character-limit Japanese explanation packing,Published,P4 B035 Tsukuba 2023-2026 paper-calibrated / Publish Gate PASS,P4,"RQ09,RQ11 / RF03,RF06",,TPL-v4-P4-TSK,B035,B035-E209,CP-DRAFT,Pass,E209|CP-DRAFT|TPL-v4-P4-TSK|v1.0
E210,筑波B035 Checkpoint：字数記述・空所・文挿入・整序・約100語英作文を60分で切り替える,情報・メディア,https://docs.google.com/document/d/1GObWqrLOvcxwi5EbkpSjBGqRDhOjwlcdeTghX4sy1xA/edit?usp=drivesdk,2026-09-30,v1.1,Tsukuba B035 shortened mixed-format checkpoint,Published,P4 B035 Tsukuba 2023-2026 paper-calibrated / Publish Gate PASS; 2026-10-01 Priority A Post-solve concept-path revision,P4,"RQ09,RQ13 / RF03,RF07 / WF01",WQ03/WQ04,TPL-v4-P4-TSK,B035,B035-E210,CP-DRAFT,Pass,E210|CP-DRAFT|TPL-v4-P4-TSK|v1.1
E211,筑波Day7：長文①高速化―字数記述・空所・見出し・順序を60分で完遂,言語・コミュニケーション,https://docs.google.com/document/d/1a8lRYUg2J1ec94vJ3ii9xhDgmF5YU773LCKjOXMyPc0/edit?usp=drivesdk,2026-09-30,v1.0,Tsukuba Q1-style speed: 50/60/70-char Japanese explanation + cloze/heading/order,Published,P4 B036 Tsukuba semi-full transition / Publish Gate PASS,P4,"RQ03,RQ07,RQ08,RQ09 / RF03,RF07",,TPL-v4-P4-TSK,B036,B036-E211,CP-DRAFT,Pass,E211|CP-DRAFT|TPL-v4-P4-TSK|v1.0
E212,筑波Day8：大問3統合―整序3問＋約100語英作文を60分で完遂,情報・メディア,https://docs.google.com/document/d/1zMliV_Yp84VhX5QMyJHhms0fNxPTSUgDGwgV5ju0kk8/edit?usp=drivesdk,2026-09-30,v1.0,Tsukuba Q3 integrated: 3 word-order items + about-100-word free composition,Published,P4 B036 Tsukuba semi-full transition / Publish Gate PASS,P4,WF01 / WT03,WQ03/WQ04,TPL-v4-P4-TSK,B036,B036-E212,CP-DRAFT,Pass,E212|CP-DRAFT|TPL-v4-P4-TSK|v1.0
E213,筑波Day9 Semi-full A：長文①＋3A＋3Bを90分でつなぐ,教育・文化・余暇,https://docs.google.com/document/d/17CP1bf1uSZs-BIbFkvD5w-EHBw1CVJXL0YcszqV3L88/edit?usp=drivesdk,2026-09-30,v1.0,Tsukuba semi-full A: Q1-style reading + Q3A + Q3B,Published,P4 B036 Tsukuba semi-full transition / Publish Gate PASS,P4,"RQ03,RQ07,RQ09 / RF03,RF07 / WF01",WQ03/WQ04,TPL-v4-P4-TSK,B036,B036-E213,CP-DRAFT,Pass,E213|CP-DRAFT|TPL-v4-P4-TSK|v1.0
E214,筑波Day10 Semi-full B：長文②＋3A＋3Bを100分でつなぐ,医療・健康,https://docs.google.com/document/d/17_Nen-Od2q9JTCIhvJHZOK4pZG8bMqFQ_ekYBqO5oiM/edit?usp=drivesdk,2026-09-30,v1.1,Tsukuba semi-full B: Q2-style science reading + Q3A + Q3B,Published,P4 B036 Tsukuba semi-full transition / Publish Gate PASS; 2026-10-01 Priority A Post-solve concept-path revision,P4,"RQ09,RQ13 / RF03,RF07 / WF01",WQ03/WQ04,TPL-v4-P4-TSK,B036,B036-E214,CP-DRAFT,Pass,E214|CP-DRAFT|TPL-v4-P4-TSK|v1.1
E215,筑波Day11 Semi-full C：長文①＋長文②を110分で切り替える,都市・仕事・経済,https://docs.google.com/document/d/1VMdpnsS_2WHS5_8b4S5Tj2B4WCt8REjP5XvYarRryHE/edit?usp=drivesdk,2026-09-30,v1.1,Tsukuba semi-full C: Q1-style + Q2-style two-reading switch,Published,P4 B036 Tsukuba semi-full transition / Publish Gate PASS; 2026-10-01 Priority A Post-solve concept-path revision,P4,"RQ09,RQ13 / RF03,RF07",,TPL-v4-P4-TSK,B036,B036-E215,CP-DRAFT,Pass,E215|CP-DRAFT|TPL-v4-P4-TSK|v1.1
E216,筑波B036 Checkpoint：大問1・2・3A・3Bを120分で一巡する,教育・文化・余暇,https://docs.google.com/document/d/11uwjCSupETyuW3KBs4dZG48DxomjX9fMq0ohPjCyq44/edit?usp=drivesdk,2026-09-30,v1.1,Tsukuba B036 checkpoint: Q1 + Q2 + Q3A + Q3B in 120 minutes,Published,P4 B036 Tsukuba semi-full transition / Publish Gate PASS; 2026-10-01 Priority A Post-solve concept-path revision,P4,"RQ03,RQ09,RQ13 / RF03,RF07 / WF01",WQ03/WQ04,TPL-v4-P4-TSK,B036,B036-E216,CP-DRAFT,Pass,E216|CP-DRAFT|TPL-v4-P4-TSK|v1.1
E217,筑波Day13 Semi-full D：長文①＋長文②＋3Aを100分でつなぐ,教育・文化・余暇,https://docs.google.com/document/d/1Zdv0iC-nJTSaut4ALw_Mi-FJpVFWD4dGIAanD3pKYTw/edit?usp=drivesdk,2026-09-30,v1.1,Tsukuba semi-full D: two readings + Q3A designated-position accuracy,Published,P4 B037 semi-full finalization / Publish Gate PASS; 2026-10-01 Priority B selected Post-solve transfer revision,P4,"RQ03,RQ09,RQ13 / RF03,RF07",,TPL-v4-P4-TSK,B037,B037-E217,CP-DRAFT,Pass,E217|CP-DRAFT|TPL-v4-P4-TSK|v1.1
E218,筑波Day14 Semi-full E：長文①＋長文②＋3Bを110分でつなぐ,社会・人口,https://docs.google.com/document/d/1h61zEdUKEytbBqlpqSObcjCTfRk7Z1lrHd0xMuiurpU/edit?usp=drivesdk,2026-09-30,v1.0,Tsukuba semi-full E: two readings + about-100-word Q3B,Published,P4 B037 semi-full finalization / Publish Gate PASS,P4,"RQ09,RQ13 / RF03,RF07 / WF01",WQ03/WQ04,TPL-v4-P4-TSK,B037,B037-E218,CP-DRAFT,Pass,E218|CP-DRAFT|TPL-v4-P4-TSK|v1.0
E219,筑波Day15 Semi-full F：4セクションを120分で初回安定化する,都市・仕事・経済,https://docs.google.com/document/d/1ZFmToqL68Dsz6onZfivSJPjoqJxAI3P2y56iSsc9bwA/edit?usp=drivesdk,2026-09-30,v1.0,Tsukuba semi-full F: first stabilized four-section 120-minute run,Published,P4 B037 semi-full finalization / Publish Gate PASS,P4,"RQ03,RQ09,RQ13 / RF03,RF07 / WF01",WQ03/WQ04,TPL-v4-P4-TSK,B037,B037-E219,CP-DRAFT,Pass,E219|CP-DRAFT|TPL-v4-P4-TSK|v1.0
E220,筑波Day16 Semi-full G：後半疲労下で3A・3B精度を維持する,社会・人口,https://docs.google.com/document/d/1r1wgLVs8PTQSijsFeTvvpzGLv7sPNdJfpE56ZT9-eqU/edit?usp=drivesdk,2026-09-30,v1.0,Tsukuba semi-full G: heavier reading front half + late-section precision,Published,P4 B037 semi-full finalization / Publish Gate PASS,P4,"RQ09,RQ13 / RF03,RF07 / WF01",WQ03/WQ04,TPL-v4-P4-TSK,B037,B037-E220,CP-DRAFT,Pass,E220|CP-DRAFT|TPL-v4-P4-TSK|v1.0
E221,筑波Day17 Semi-full H：時間超過から復旧して120分完遂する,情報・メディア,https://docs.google.com/document/d/1bBSTI2QCem3PGPDsWp5ofahFlmmYdCgPEoUx-9tf1is/edit?usp=drivesdk,2026-09-30,v1.1,Tsukuba semi-full H: overrun recovery with absolute section stop-times,Published,P4 B037 semi-full finalization / Publish Gate PASS; 2026-10-01 Priority A Post-solve concept-path revision,P4,"RQ09,RQ13 / RF03,RF07 / WF01",WQ03/WQ04,TPL-v4-P4-TSK,B037,B037-E221,CP-DRAFT,Pass,E221|CP-DRAFT|TPL-v4-P4-TSK|v1.1
E222,筑波B037 Checkpoint：120分で全形式を精度維持して完遂する,教育・文化・余暇,https://docs.google.com/document/d/1-ztRRPPDh7Hl_3PkfoENUYZBlKKV851z6lxaa9J3lZs/edit?usp=drivesdk,2026-09-30,v1.1,Tsukuba B037 final semi-full checkpoint: four sections + protected review,Published,P4 B037 semi-full finalization / Publish Gate PASS; 2026-10-01 Priority A Post-solve concept-path revision,P4,"RQ03,RQ09,RQ13 / RF03,RF07 / WF01",WQ03/WQ04,TPL-v4-P4-TSK,B037,B037-E222,CP-DRAFT,Pass,E222|CP-DRAFT|TPL-v4-P4-TSK|v1.1
E223,筑波Day19 Full A：120分フルセットへ移行する,情報・メディア,https://docs.google.com/document/d/1UapDsIjt67lq6O33XW4ilqfl0Py2Q3ObxL_2CsbARV8/edit?usp=drivesdk,2026-09-30,v1.1,Tsukuba full A: first full-set transition with hard section stop-times,Published,P4 B038 full-set phase / Publish Gate PASS; 2026-10-01 Priority A Post-solve concept-path revision,P4,"RQ03,RQ09,RQ13 / RF03,RF07 / WF01",WQ03/WQ04,TPL-v4-P4-TSK,B038,B038-E223,CP-DRAFT,Pass,E223|CP-DRAFT|TPL-v4-P4-TSK|v1.1
E224,筑波Day20 Full B：長文密度を上げても後半精度を維持する,医療・健康,https://docs.google.com/document/d/1GEykBFFAalAakJ4aADrb6ujGnAiRC4urp-xr1ka6V2I/edit?usp=drivesdk,2026-09-30,v1.1,Tsukuba full B: denser reading + protected late-section accuracy,Published,P4 B038 full-set phase / Publish Gate PASS; 2026-10-01 Priority A Post-solve concept-path revision,P4,"RQ03,RQ09,RQ13 / RF03,RF07 / WF01",WQ03/WQ04,TPL-v4-P4-TSK,B038,B038-E224,CP-DRAFT,Pass,E224|CP-DRAFT|TPL-v4-P4-TSK|v1.1
E225,筑波Day21 Full C：字数記述の高密度処理と英作文を両立する,科学技術,https://docs.google.com/document/d/1myQSq5sW5VEn6jxfA-Jdi8LkGP4kf3yaiDZ1JUjopgM/edit?usp=drivesdk,2026-09-30,v1.1,Tsukuba full C: dense strict-character Japanese responses + Q3B,Published,P4 B038 full-set phase / Publish Gate PASS; 2026-10-01 Priority A Post-solve concept-path revision,P4,"RQ03,RQ09,RQ13 / RF03,RF07 / WF01",WQ03/WQ04,TPL-v4-P4-TSK,B038,B038-E225,CP-DRAFT,Pass,E225|CP-DRAFT|TPL-v4-P4-TSK|v1.1
E226,筑波Day22 Full D：解答順序を選んで120分を最適化する,都市・仕事・経済,https://docs.google.com/document/d/1AD_DT9Bh4L91yxpt5UpAO4jvIu2N6n16MsdEuZEa6tw/edit?usp=drivesdk,2026-09-30,v1.0,Tsukuba full D: answer-order route comparison under fixed section budgets,Published,P4 B038 full-set phase / Publish Gate PASS,P4,"RQ03,RQ09,RQ13 / RF03,RF07 / WF01",WQ03/WQ04,TPL-v4-P4-TSK,B038,B038-E226,CP-DRAFT,Pass,E226|CP-DRAFT|TPL-v4-P4-TSK|v1.0
E227,筑波Day23 Full E：難問停滞から復旧して全体得点を守る,情報・メディア,https://docs.google.com/document/d/1B4RjCRrxLJdyP-ao7bKEb5P39ERLZKYdMuINE_lfsr0/edit?usp=drivesdk,2026-09-30,v1.1,Tsukuba full E: difficult-item stop-loss and recovery without abandoning later sections,Published,P4 B038 full-set phase / Publish Gate PASS; 2026-10-01 Priority A Post-solve concept-path revision,P4,"RQ03,RQ09,RQ13 / RF03,RF07 / WF01",WQ03/WQ04,TPL-v4-P4-TSK,B038,B038-E227,CP-DRAFT,Pass,E227|CP-DRAFT|TPL-v4-P4-TSK|v1.1
E228,筑波B038 Checkpoint：本番型120分フルセットを完成させる,言語・コミュニケーション,https://docs.google.com/document/d/1_qCA_y1LwkBMU1RRMJ3MpgARXFKgBc-VB7b7h3YcnB4/edit?usp=drivesdk,2026-09-30,v1.0,Tsukuba B038 full checkpoint: complete full-set process with strict timing and review,Published,P4 B038 full-set phase / Publish Gate PASS,P4,"RQ03,RQ09,RQ13 / RF03,RF07 / WF01",WQ03/WQ04,TPL-v4-P4-TSK,B038,B038-E228,CP-DRAFT,Pass,E228|CP-DRAFT|TPL-v4-P4-TSK|v1.0
E229,筑波Day25 Full F：120分フルセットの再現性を基準化する,科学技術,https://docs.google.com/document/d/1fe1Gh5pX5HzIH4eyYJq3JoODviOC9VJfmb7axzaNcsg/edit?usp=drivesdk,2026-09-30,v1.1,Tsukuba full F: baseline full-set repeatability and final routine stability,Published,P4 B039 final full-set phase / Publish Gate PASS; 2026-10-01 Priority A Post-solve concept-path revision,P4,"RQ03,RQ09,RQ13 / RF03,RF07 / WF01",WQ03/WQ04,TPL-v4-P4-TSK,B039,B039-E229,CP-DRAFT,Pass,E229|CP-DRAFT|TPL-v4-P4-TSK|v1.1
E230,筑波Day26 Full G：日本語記述の弱点を補正して完遂する,社会・人口,https://docs.google.com/document/d/1_KOqIhrIEzXDzgNwv0SCP5VSkHST3JhfSRNlG9q2kjc/edit?usp=drivesdk,2026-09-30,v1.1,Tsukuba full G: correct strict-character Japanese response weakness under full-set timing,Published,P4 B039 final full-set phase / Publish Gate PASS; 2026-10-01 Priority A Post-solve concept-path revision,P4,"RQ03,RQ09,RQ13 / RF03,RF07 / WF01",WQ03/WQ04,TPL-v4-P4-TSK,B039,B039-E230,CP-DRAFT,Pass,E230|CP-DRAFT|TPL-v4-P4-TSK|v1.1
E231,筑波Day27 Full H：後半3A・3Bの失点を補正する,情報・メディア,https://docs.google.com/document/d/1p2mFUgMFw1Gn4tnwKVAv5tl-BsHCS9cPgBWJpOW7TaQ/edit?usp=drivesdk,2026-09-30,v1.0,Tsukuba full H: correct late Q3A/Q3B errors under reading fatigue,Published,P4 B039 final full-set phase / Publish Gate PASS,P4,"RQ03,RQ09,RQ13 / RF03,RF07 / WF01",WQ03/WQ04,TPL-v4-P4-TSK,B039,B039-E231,CP-DRAFT,Pass,E231|CP-DRAFT|TPL-v4-P4-TSK|v1.0
E232,筑波Day28 Full I：解答順序と終了時刻を固定する,都市・仕事・経済,https://docs.google.com/document/d/1wul3I0Kya16s8SB6pOCH7VYXgGZoIjx1kE-D4LdLHbM/edit?usp=drivesdk,2026-09-30,v1.0,Tsukuba full I: lock answer order and absolute section stop-times,Published,P4 B039 final full-set phase / Publish Gate PASS,P4,"RQ03,RQ09,RQ13 / RF03,RF07 / WF01",WQ03/WQ04,TPL-v4-P4-TSK,B039,B039-E232,CP-DRAFT,Pass,E232|CP-DRAFT|TPL-v4-P4-TSK|v1.0
E233,筑波Day29 Full J：本番前リハーサルを120分で通す,教育・文化・余暇,https://docs.google.com/document/d/1HXolUMXV_2l4kT3D9eiFD_4870vF_HO2kna4rY5ZRqM/edit?usp=drivesdk,2026-09-30,v1.0,Tsukuba full J: final rehearsal with frozen exam routine,Published,P4 B039 final full-set phase / Publish Gate PASS,P4,"RQ03,RQ09,RQ13 / RF03,RF07 / WF01",WQ03/WQ04,TPL-v4-P4-TSK,B039,B039-E233,CP-DRAFT,Pass,E233|CP-DRAFT|TPL-v4-P4-TSK|v1.0
E234,筑波P4 Final Gate：30日間の本番処理を120分で再現する,医療・健康,https://docs.google.com/document/d/1Ts8SAJdQUG4xVYnpAe4ssTkygJKaG6oGBmAH-La0vic/edit?usp=drivesdk,2026-09-30,v1.1,Tsukuba P4 Final Gate: reproduce the complete 30-day exam routine in 120 minutes,Published,P4 B039 final full-set phase / Publish Gate PASS; 2026-10-01 Priority A Post-solve concept-path revision,P4,"RQ03,RQ09,RQ13 / RF03,RF07 / WF01",WQ03/WQ04,TPL-v4-P4-TSK,B039,B039-E234,CP-DRAFT,Pass,E234|CP-DRAFT|TPL-v4-P4-TSK|v1.1
