lesson_id,kind,word_count,text
E001,model,28,"Rural areas may differ from large cities in transport and available services. Therefore, increasing the number of doctors alone may improve staffing without removing other barriers to care."
E001,alt,34,"Even if a region attracts more doctors, patients may still face long travel times or limited specialist services. Regional access depends on several factors, so increasing staff alone may not solve the whole problem."
E002,model,45,"Telemedicine may lead to better access by reducing the need for long trips. However, its benefits depend on reliable technology and patients' ability to use it. Poor digital access can contribute to continued regional gaps, so remote care should complement rather than replace face-to-face services."
E002,alt,42,"Remote consultations can reduce travel time and result in easier follow-up for some patients. However, people who lack a stable connection or need a physical examination may benefit less. Telemedicine can therefore improve part of the system without solving every access problem."
E003,model,21,I suggest providing recorded lessons as well as live classes. This can help students who cannot join at a fixed time.
E003,alt,20,I suggest that schools lend devices to students who cannot afford them. This may make online courses easier to access.
E004,model,44,"Educational inequality may result from several factors, including differences in study environment and available resources. Financial pressure can contribute to less study time even when a student is motivated. I suggest that schools provide study spaces and device lending for students who need them."
E004,alt,34,"Individual effort matters, but students do not always study under the same conditions. Long travel times or family responsibilities may lead to less time for study. I suggest providing support that reduces these barriers."
E005,model,29,"A rural region may differ from a large city in travel time and workforce availability. Therefore, similar numbers of older residents can create different pressures on local care systems."
E005,alt,25,Two regions may differ in family support and access to formal services. They may therefore need different policies even when their age structures are similar.
E006,model,39,"Building a clinic may contribute to better access, but it does not solve every regional problem. Rural communities can differ from cities in staffing and transport. I suggest that policy makers improve staffing support as well as physical facilities."
E006,alt,36,"Demand for care may rise as local needs change, but raising training capacity does not produce workers immediately. Two districts can differ in transport and workforce availability, so the same policy may lead to different results."
E007,model,45,"A region may offer relocation payments to attract doctors quickly. However, it should also provide new staff with mentoring and training opportunities if it wants them to stay. A government may grant funding for these support programs, but long-term retention still depends on working conditions."
E008,model,43,"I would argue for allowing limited use of personal data when it clearly improves a service. However, companies should explain the purpose of collection and allow users to refuse unnecessary uses. Sensitive data may create greater risks, so stronger protection can be justified."
E009,model,43,"I would argue against allowing AI to replace human judgment in high-stakes medical decisions. AI can provide useful risk estimates and may help clinicians notice important patterns. However, clinicians should remain responsible for evaluating recommendations when an error could seriously harm a patient."
E009,alt,36,"AI should support rather than replace professional judgment. It can offer useful information, but its recommendations may contain errors or miss important context. I would argue for stronger human oversight when the possible harm is large."
E010,model,46,"A government may invest in renewable energy even when the upfront cost is high. New infrastructure can raise costs at first, but operating costs may be lower over time. If the investment also reduces fuel risk or emissions, the long-term benefits may justify the initial expense."
E011,model,46,Communities should invest in preparedness before a disaster occurs. Stronger buildings and warning systems can contribute to lower losses even when their exact effect is difficult to observe. I would argue for maintaining these systems when the possible harm is large and the cost is reasonable.
E011,alt,35,A quiet period does not prove that preparedness is unnecessary. Investment in backup systems may lead to faster recovery when a crisis eventually occurs. The value of prevention should therefore include losses that are avoided.
E012,model,57,"The automated system can provide information quickly and offer users useful options, but it may misunderstand unusual cases. I would argue for keeping human support available when the cost of an error is high. The city should invest in staff training as well as automation so that efficiency does not reduce access for people who need help."
E012,alt,37,"Health-data sharing can support research, but unlimited access may create privacy risks. I would argue for rules that allow useful research while protecting sensitive information. Hospitals should invest resources in secure data systems and clear consent procedures."
E013,model,46,Countries may still have good reasons to invest in an early-warning network during quiet years. Shared monitoring can contribute to faster detection when a cross-border threat eventually appears. I would argue for continued funding when the potential harm is large and the system is regularly maintained.
E014,model,34,"The number of passengers may be falling, but some residents still depend on public transport to reach essential services. A region may therefore invest in flexible transport that preserves access while reducing unnecessary costs."
E015,model,44,"A highly efficient supply chain may reduce storage costs by keeping little extra inventory. However, this can make shortages appear quickly when transport is disrupted. Extra suppliers may mitigate the impact of a disruption, while clear information can ease pressure caused by panic buying."
E016,model,46,"Automation may reduce the number of routine tasks without eliminating entire jobs. The number of activities performed by software can increase while workers move toward communication or judgment tasks. Training may mitigate some transition costs, but companies should also provide realistic opportunities to use new skills."
E017,model,51,"Machine translation can complement human translators when large amounts of routine text must be processed quickly. A specialized glossary can supplement the system with consistent terminology, while human review can compensate for errors involving context or tone. Full review is especially important when a translation affects health, safety, or legal decisions."
E018,model,60,"A rural transport system cannot be judged only by the number of passengers using each route. A region may invest in flexible services to reduce unnecessary costs while preserving access. These changes can ease pressure on the budget, but they do not eliminate every transport problem. Additional support may still be needed for residents who cannot use flexible services easily."
E018,alt,50,"A food supply chain can reduce storage costs by keeping low inventory, but this may make disruption more serious. A reserve can mitigate some risk, while a second supplier can complement the main source of supply. The system becomes less efficient in normal times but more resilient during a disruption."
E019,model,43,"One country can reduce domestic emissions, but pollution may still arrive from neighboring regions. Shared monitoring and regional agreements can help identify common patterns and mitigate cross-border harm. Cooperation is therefore useful when the causes and effects of pollution extend beyond national borders."
E020,model,31,"A government has limited resources, so allocating more money to one service leaves less for another. It therefore needs to compare costs, access, and the people who depend on each service."
E021,model,48,"A city can reduce ordinary costs by operating close to normal capacity, but this leaves less room for unexpected failures. Reserve capacity can mitigate the impact of a drought or plant shutdown. During a shortage, authorities may allocate water to essential services first while limiting less urgent use."
E022,model,43,"Self-checkout can complement store staff by processing routine payments quickly. Workers can compensate for problems that require judgment or customer support, while signs and accessible design can supplement the technology. The cashier's role may therefore change even if human work does not disappear."
E023,model,32,"An effective warning should communicate what is known, what remains uncertain, and what residents should do. It should convey urgency through clear actions and deadlines without pretending that every outcome is certain."
E024,model,52,A city should not always allocate exactly the same amount of funding to every library because local needs can differ. It can assign specialist staff across several branches and distribute additional materials where demand is high. The policy should also communicate why the distribution differs so that residents can understand the criteria.
E024,alt,43,"Automation can complement human customer-service staff by handling routine questions. A searchable guide can supplement the system, while people compensate for cases that require judgment. Managers should assign staff to review repeated errors rather than apply the same automated response to every problem."
E025,model,44,Officials should communicate confirmed facts clearly and explain what remains uncertain. They can convey urgency when a precaution is useful without claiming that every possible outcome is likely. They may also express concern while promising to update the public when stronger evidence becomes available.
E026,model,28,Authorities should inform residents about the expected timing and available evacuation centers. They should alert people in high-risk areas if flooding becomes likely enough to require immediate action.
E027,model,50,Researchers should communicate that a preliminary result is still uncertain and explain the study's main limitations. They may inform the public that the finding suggests a possible association without claiming that it proves causation. The message should convey why the result matters while keeping the conclusion proportional to the evidence.
E028,model,47,Preserving a historic building does not always mean keeping every feature unchanged. A city may invest in safety improvements while protecting the parts that carry the greatest historical value. Adaptive reuse can keep the building visible and useful instead of treating preservation and change as complete opposites.
E029,model,46,"Researchers may select people who meet the study criteria, but each person must still choose whether to participate. Meaningful consent requires understandable information and a voluntary decision, not only a signature. A patient may opt for standard treatment instead if that option fits their preferences better."
E030,model,58,"A clinic can notify patients about a possible medication problem, but simply sending a message does not guarantee a safe response. The notice should communicate what is known and convey which symptoms require action without exaggerating uncertain risk. Patients also need information they can understand so that they can choose what to do next with appropriate medical guidance."
E030,alt,47,"Researchers may select people who meet eligibility criteria, but those individuals must still choose whether to participate. Staff should inform them about risks, burdens, and alternatives in understandable language. A signed form alone does not show that the person understood the study or made a voluntary choice."
E031,model,46,"A clinician can select treatments that are medically reasonable, but the patient still needs to choose among them. Different options may involve different benefits, risks, and effects on daily life. A patient may opt for the treatment that best matches personal priorities after understanding those trade-offs."
E032,model,39,"A patient may prefer a nearby service because it is more convenient. A health system, however, may prioritize urgent need or expected benefit when resources are limited. Experts may favor different criteria depending on the goal of the policy."
E033,model,52,A city may favor funding for a sports facility when the project improves access to physical activity and creates wider community benefits. It should still compare the project with other possible uses of public money. A government may prioritize another service when the opportunity cost of the sports project becomes too high.
E034,model,40,"Researchers should acknowledge important limitations so that readers can interpret the evidence appropriately. They may also recognize the need for further studies without rejecting the current result. If a specific calculation is wrong, however, they should admit the error directly."
E035,model,46,"Researchers should acknowledge that a promising treatment may still have important long-term uncertainty. Decision makers should recognize both the possible benefit and the severity of harms that could emerge later. If a specific analysis proves incorrect, the team should admit the error and update the conclusion."
E036,model,51,"A health system may prioritize one program when resources are limited, but it should acknowledge the value of the option that is delayed. Decision makers should recognize the opportunity cost of the priority rather than treating the rejected project as worthless. Clear criteria make the choice easier to explain and evaluate."
E036,alt,42,"Researchers can recognize that a new treatment is promising while acknowledging important uncertainty. If they discover a specific mistake, they should admit the error and correct the analysis. Choosing to continue research does not require pretending that the current evidence is complete."
E037,model,49,"A company can recognize that AI screening may reduce repetitive work while still acknowledging uncertainty about its long-term effects. It should compare efficiency with possible unequal errors and provide ways to audit decisions. If a specific bias is confirmed, the company should admit the problem and revise the system."
E038,model,38,"Teachers might suggest testing a later start before changing the whole schedule. The school could then propose a detailed pilot and collect data. If the results show clear benefits with manageable costs, specialists may recommend a permanent change."
E039,model,46,"Planners can first suggest several designs and compare their likely effects. The city should then propose a detailed system that explains exemptions, revenue use, and review rules. Experts should recommend the policy only if the expected benefits remain strong after fairness and practical limits are considered."
E040,model,42,"Officials may reject a proposal when it is too costly or conflicts with the policy goal. However, they should not dismiss the underlying concern without explanation. Clear reasons show that consultation influenced the decision process even when a request was not adopted."
E041,model,51,Consultation can matter even when officials reject some requests because residents may identify problems that require a different solution. Officials should not dismiss legitimate concerns merely because the preferred remedy is not adopted. Trust is stronger when reasons and evidence are published and developers do not refuse to provide required information.
E042,model,53,A school can reject one proposed timetable without dismissing the concern that students are tired. It may suggest a smaller pilot and then propose a permanent change if the evidence supports it. Decision makers should acknowledge practical limits and explain why one solution was rejected rather than treating the underlying goal as unimportant.
E042,alt,44,"A company may acknowledge a limitation in an AI system without rejecting the technology entirely. It can propose a narrower use, recommend further validation, and refuse to allow automatic decisions until performance improves. This approach preserves possible benefits while responding to the identified risk."
E045,model,27,"Rereading can make information feel familiar because the answer remains visible. However, that feeling does not show whether a learner can recall the same information without support."
E045,alt,29,Repeated exposure may lead to strong recognition while contributing less to independent recall. Retrieval practice tests whether the information can actually be produced when the original text is absent.
E046,model,50,"Buying a product with less packaging can reduce one type of waste, but it does not guarantee a lower total impact. A larger package may create more product waste if a household cannot use it in time. The effect also depends on how the product is reused, collected, or recycled."
E047,model,35,"A policy may move visitors from one crowded place or time to another without reducing overall pressure. If officials measure only the original site, the change can look like success even though congestion has shifted."
E048,model,40,Text C shows that a reusable label is insufficient because environmental benefit depends on repeated use. A product may create little benefit if it rarely replaces disposable items. Consumers therefore need information about how the product should actually be used.
E048,alt,40,Text B shows that a formal leave policy is insufficient if employees are afraid to use it. Employers may provide flexibility on paper while workplace incentives discourage actual use. Effective support therefore depends on both policy design and practical access.
E051,model,27,"A hospital may inform patients about procedures, risks, or available options. It also needs to communicate with them so that questions, concerns, and misunderstandings can be addressed."
E051,alt,24,"Providing information is one part of care, but communication also requires listening and responding. Patients may receive the same information while interpreting it differently."
E052,model,41,An effective flexible-work policy matches the arrangement to the actual tasks employees perform. It also makes responsibilities and communication rules clear so that flexibility does not create confusion. Performance should be evaluated by appropriate outcomes rather than by physical presence alone.
E053,model,65,"Sending more health information may fail when lack of knowledge is not the main barrier to participation. People can understand a screening program but still be unable to attend because of work or transport problems. For example, another leaflet will not help someone whose only available appointment is during a shift they cannot leave. Public-health programs should therefore identify the barrier before choosing the intervention."
E054,model,56,"Text B shows that one visible source can produce a poor conclusion when important groups are missing from it. The household registers contain detailed information, but temporary workers were recorded inconsistently. A historian who uses only those records may therefore underestimate the town's population. Comparing several sources makes the limits of each source easier to recognize."
E055,model,23,"Paragraph 3 qualifies the argument by setting limits on accommodations and explaining that support must be connected to actual barriers, costs, and safety."
E085,model,67,"The study shows that the method can save time under the tested conditions, but this result does not prove that organizations will adopt it quickly. Adoption may become more likely if the method remains useful in real settings and if costs, regulation, training, and compatibility do not create major barriers. Even then, broader industry effects would remain uncertain and would require evidence from more organizations and settings."
E086,model,86,"The trial suggests that students value the homework-help session before major exams, but it does not show that demand will remain high during ordinary weeks. The school could offer one session each week for a month during a normal part of the term. It should record attendance and ask users why they joined. This limited follow-up would show whether the service has regular value before the school commits staff time to a permanent weekly program. This would also show whether demand varies across ordinary school weeks."
E087,model,92,"A city should consider extending the hours of some public parks, especially where many residents cannot use them during the day. Later access could provide more opportunities for exercise and quiet recreation. However, the policy should not be identical in every location because noise and staffing needs differ. The city could begin with two later evenings each week and monitor use, complaints, and costs. If the benefits are clear and problems remain manageable, it could then expand the program selectively. This approach would preserve access while keeping the trial easy to reverse."
E088,model,52,"Returning study results can recognize participants’ contribution and support trust, but communication must be designed carefully. Researchers should explain findings in accessible language, distinguish group-level evidence from individual conclusions, and choose an appropriate time for release. A good plan should also account for practical needs and participants’ preferences before the study ends."
E088,model,85,"The city should publish a short, accessible summary after the pilot data have been checked and the main findings are stable. The report should explain what changed during the six months, what remains uncertain, and which conclusions apply only to the tested routes or users. Residents should be able to read the summary online and receive a brief notice about it. The city should also explain how the findings will affect the next transport decision. That would make the report useful for future public decisions."
E089,model,94,"The community center should first identify whether the main problem is unequal access or conflict between different activities. It could test fixed basketball hours on two evenings each week for one month while keeping the court flexible at other times. Staff should record court use and collect short comments from users. This would show whether predictable basketball access reduces conflict without removing too much flexibility. However, one month may not represent every season, so the schedule should remain temporary until more evidence is available. The center could then adjust the schedule using those results."
E090,model,59,"Public-service evaluation should distinguish among use, user experience, and reach because these measures answer different questions and may produce different results. The evidence selected should match the next decision: expansion requires information about demand beyond current users, while quality improvement may rely more on existing-user feedback. Evaluation is most useful when it reduces uncertainty about what to do next."
E090,model,94,"The library should not immediately assume that even later hours will solve its access problem. The pilot increased weekend use and satisfied current users, but non-users more often reported transport and part-time work as barriers. Before extending hours again, the library should test which change would improve reach, perhaps by surveying demand for transport support or different weekend time slots. The current survey is limited, so a short follow-up test would provide stronger evidence before the library commits additional staff and operating costs. This would test access barriers more directly than longer hours alone."
E092,model,92,"The center should test a confirmation system rather than immediately imposing strict booking limits or large fees. The main problem is that unused reservations can block rooms for other groups. Requiring confirmation two days before use would release bookings that people no longer need while allowing genuine multi-date users to keep theirs. However, some users may forget to confirm, so the center should send one reminder. A one-month trial should measure how many released rooms are rebooked before the rule becomes permanent. This would also show whether reminders reduce accidental reservation waste."
E093,model,94,"The school should prioritize Option B because it directly addresses a documented scheduling barrier and can be tested within one term without requiring students to own special equipment. Option A may attract more users, but it mainly adds convenience to a service that many students can already access. Option B is slightly more expensive than the cheapest choice, yet the stronger connection to the school’s access goal justifies the extra cost. A one-term pilot would also provide clear evidence for the next funding decision. That makes the pilot both targeted and easy to evaluate."
E094,model,100,"The school should first test a quiet zone because the strongest criteria are reducing a documented access barrier and producing clear evidence within a short period. Adding more group tables might serve many students, but it would not help those who currently leave because they cannot study quietly. Movable partitions could create a quieter area without permanent construction. The main limitation is that group-work space would become smaller, so the school should monitor congestion as well as quiet-zone use during a four-week pilot before making the change permanent. This would let the school compare academic benefit with lost collaborative space."
E095,model,92,"The city should first test a monthly evening registration session because it directly addresses residents who know about the alert service but cannot use weekday support. A printed guide could still help people understand the different alert methods, so it should not be abandoned. However, one evening session may reach only a small number of residents. The city should run the trial for three months and record attendance, completed registrations, and whether participants had previously been unable to use daytime support. That evidence would show whether access hours are a significant barrier."
E096,model,56,"The city should choose a study-room pilot by combining current use, reported barriers, and expected benefit rather than following one survey percentage. Its priority is to improve access for infrequent users and generate clear evidence. After the pilot, actual new-user behavior should be compared with survey expectations to test whether the original barrier was identified correctly."
E096,model,94,"The city should prioritize Option B because the pilot should reduce a documented access barrier and reach infrequent users. The table shows that the neighborhood room has low current use but strong reported Sunday benefit, which is more consistent with unmet schedule access than Option A’s already-busy central room. The main uncertainty is that survey interest may not become actual attendance. The city should therefore run the Sunday opening for two months and compare new-user numbers, repeat use, and actual attendance with the survey prediction. This would make the final funding choice more evidence-based."
E097,model,102,"The city should prioritize Option B because the most important criteria are reducing exposure for people with few alternatives and producing measurable results within one season. Option A may offer a slightly larger long-term benefit, but residents there can reach indoor cooling spaces more easily. Option B serves a population with high outdoor exposure and limited alternatives, and temporary shade can be installed quickly enough for before-and-after comparison. The main trade-off is weaker long-term durability. Even so, the pilot would provide useful evidence about whether added shade changes actual use of the space. Those results could guide a larger investment next year."
E099,model,64,"A good public research summary does more than replace difficult words with simple ones. It selects the information a general reader needs to understand the main finding, why it matters, and what remains uncertain. Important limitations should not disappear merely to make the message shorter. Because different audiences need different details, effective compression reorganizes the original information instead of copying the paper in miniature."
E100,model,70,"The supermarkets are testing late-day discounts to reduce prepared-food waste without shifting too many customers away from normal-price purchases. First-month results suggest that discounts can lower waste, but the effect varies by location, with Store C still leaving more food unsold. The company will therefore test an earlier discount there while keeping prices and other stores unchanged, allowing it to examine whether timing can reduce waste without weakening earlier sales."
E101,model,101,"The museum should continue the confirmation test because it targets unused reservations without immediately making arrival windows stricter for everyone. Same-day tickets matter for visitors who cannot plan far in advance or did not know about the online system, so releasing unconfirmed slots could improve access. However, some visitors may miss the morning message even though they still intend to come. The museum should monitor how many slots are released, how many are reused, and how many confirmed visitors report losing a reservation unexpectedly. Those results would show whether the system improves access without creating a new barrier. That balance matters."
E102,model,67,"The university wants study support to reach students earlier, not simply attract the largest possible audience. Different formats trade broad reach against more intensive help, so total attendance alone cannot measure success. A useful pilot should record when students first engage and what type of support they receive, allowing the university to judge whether the program changes behavior while there is still time to improve study habits."
E102,model,103,"The university should pilot Option B because earlier engagement is the strongest criterion. Source A argues that total attendance can hide whether support reaches students soon enough to change their study habits, and the adviser makes the same point. Although Option A is expected to attract more students, the table shows that Option B produces a much higher share of early first contact. The trade-off is lower overall reach. The university should therefore track both the number of new participants and the proportion who first use support before the final two weeks. That comparison would show whether earlier contact improves actual support use."
E103,model,76,"Research on sleep and learning suggests that sleep supports processes important for memory, but the relationship is more complex than the claim that sleep simply causes better grades. Experiments can test specific memory processes, while observational studies show whether similar patterns appear in daily life, although both designs have limitations. When different methods point in the same direction, confidence can increase, but conclusions should still reflect uncertainty about the exact size and mechanism of the effect."
E105,model,106,"A university should decide the balance between online and in-person teaching by asking which barrier is more important for a particular course. Both approaches aim to make learning reliable, but online components reduce schedule and access barriers while shared classes reduce the burden of self-management. Online teaching is stronger when students need flexible review or attendance options, whereas in-person structure is more valuable when interaction and coordinated practice are central. The main trade-off is flexibility versus external structure. Universities should therefore match the format to the course’s learning tasks rather than adopt one rule for every class. This approach avoids treating format as an ideological choice."
E106,model,106,"The second pilot should be evaluated mainly by whether it attracts people who previously had limited transport options, not simply by total bicycle use. The first pilot’s table shows strong overall demand but a smaller increase among new users, so a less rail-connected district may test access more directly. However, moving docking stations alone may not solve barriers related to cycling ability or trip distance. The city should therefore record new-user rates, previous transport options, and failed or abandoned trips so that weak results reveal whether station location or the assumed access barrier was the problem. That distinction would make the pilot more informative for policy."
E107,model,71,"More data can make an estimate more precise without making the comparison more credible. If students who enter a program differ systematically from those who do not, a larger sample may measure that difference very accurately while still mixing the program’s effect with selection factors. Better evidence must therefore help separate competing explanations—for example, by creating more comparable groups—not merely increase the number of observations. That is the central methodological distinction."
E108,model,53,"Libraries now provide varied services, so visitor counts alone cannot show whether access has improved. Evaluation should identify who benefits, what barrier is reduced, and what each measure actually represents. Measures such as reach, task completion, repeat use, and staff time are useful only when they are matched to the service’s specific goal."
E108,model,80,"The library should test a mixed model: regular group workshops with a limited number of individual follow-up slots. Source A shows that efficiency must be defined by the service goal, while the community adviser notes that some digital barriers cannot be solved in groups. If the table shows strong first-time reach from workshops, they are a useful entry point. However, the library should also track task completion, because high attendance alone may hide residents whose more complex problems remain unsolved."
E110,model,85,"Automatic translation can provide quick access to routine public information, especially when the text is simple and the consequences of small errors are limited. However, it should not automatically be relied on for medical, safety, or legal instructions, where a mistranslation could have serious effects. In such cases, uncertain or important passages should be reviewed by someone with relevant language and subject knowledge. Human review can reduce risk, although it cannot guarantee that every error will be found. That review should focus on consequential ambiguity."
E112,model,90,"Many families provide substantial care without thinking of themselves as caregivers. As a result, support information can fail when it begins with a label that people do not connect with their own experience. Services should first describe familiar situations, such as arranging appointments or managing medication, and then explain what support is available. Help should also be offered before families become exhausted, not only after a crisis develops. Earlier, clearer support can give families more choices and make it easier for them to continue the responsibilities they can manage safely."
E113,model,86,"The city should first test two evening appointment sessions because schedule difficulty appears to be the most common reported barrier. During the trial, staff should compare booking and attendance among residents who previously said that daytime hours were difficult. They should keep the invitation wording unchanged so that the main change is appointment time. Even if attendance rises, the result should be interpreted cautiously because other barriers and differences between participants may still affect who attends. This would help separate scheduling effects from broader access barriers."
E114,model,85,"Alternative supply options can make a system more resilient because they allow an organization to continue an important function when the usual input is unavailable. However, maintaining several options can increase cost or complexity, so more alternatives are not always more efficient. The cafeteria pilot can test whether a limited substitution list reduces cancelled or changed meals without increasing cost too much. If it succeeds, the result would suggest that substitution improves resilience under some shortages, not that every supply problem can be completely avoided."
E117,model,91,"Demand management can reduce backup generation when users move flexible electricity use away from a short period of peak demand. If enough households shift activities to later hours, total daily consumption may remain similar while the maximum load falls. The system then has less need to activate expensive backup capacity for only a brief period. However, this chain weakens when users do not notice the price signal or cannot change their schedule. It may also place more inconvenience on households with less flexibility, so efficiency and distribution should be evaluated separately."
E118,model,82,"The pilot provides encouraging evidence that the software can shorten review time for urgent images, and that benefit should be recognized. However, it does not show that the system improves patient care overall. A reasonable generalization is that decision-support tools should be evaluated at the specific step they are designed to change and in the context where they are used. The hospital should next test whether the effect persists and whether faster review leads to better treatment timing without introducing new errors."
E119,model,94,"The platform should continue the label pilot, but only as a limited intervention. Labels can provide context at the moment users see a questionable claim, and the table suggests that sharing decreased after labeled exposure. However, Source B warns that attention does not necessarily mean correction and that labels may mainly influence users who already doubt the post. The platform should therefore track whether confidence changes among initially trusting users, not only whether people notice the label. The pilot supports continued testing, not the conclusion that labels solve misinformation. That distinction should guide expansion."
E120,model,58,"A mobile clinic can reduce travel barriers and increase first consultations, but improved initial access does not guarantee access to complete care. The pilot’s result is most relevant where travel is a major barrier, and evaluation should also track referral and follow-up. Expansion is strongest when new users receive both earlier contact and the later services they need."
E120,model,95,"The health service should expand the pilot cautiously to communities where travel is a documented barrier. The existing pilot shows that bringing care closer can increase first consultations, and that benefit is important. However, the result should not be generalized to every community, because other barriers may dominate elsewhere. Expansion should also depend on referral performance: if more first visits lead to completed tests and specialist follow-up with shorter delays, the service is improving access to complete care. The next phase should therefore combine mobile visits with referral coordination and measure both entry and completion."
E122,model,73,"Programs that increase physical activity should distinguish between helping people start and helping them continue. First-time participation can show that an initial barrier has been reduced, but durable behavior requires evidence that activity continues after the original incentive ends. Long-term evaluation is difficult because follow-up and self-report data can be biased. Strong evaluation therefore combines measures and matches its definition of success to the stage of behavior the intervention is designed to change."
E123,model,76,"Family-care leave needs clear eligibility rules, but serious care does not always occur in one predictable pattern. Policies should therefore allow limited flexibility so that different forms of care can be recognized without making administration inconsistent. Formal eligibility is also not enough, because workers may avoid leave due to financial or career concerns. Effective policy should evaluate both who qualifies and who can actually use the program, combining predictable criteria with practical and carefully limited flexibility."
E124,model,72,"Multilingual public information is useful only when translated content can be found and acted on easily. Long notices may remain difficult if essential instructions are buried, so designers should prioritize action-critical information through clear headings, steps, and layout. However, simplification must not remove important conditions or exceptions. Community review can also reveal language and design problems. Effective multilingual access therefore depends on translation, information structure, and enough detail to support accurate action."
E125,model,78,"The program should use a clear general rule so staff can make routine decisions consistently, but the rule must include observable exceptions for damaged packaging or unsafe storage. Exceptions should be documented because records allow later review and help identify training problems. Staff should not be free to invent exceptions without evidence, since purely discretionary decisions would make the system inconsistent and difficult to audit. Uncertain cases should be held for review rather than automatically donated or discarded."
E126,model,67,"The sports center’s income rule is transparent, but historical records can miss residents whose finances have changed suddenly. A limited exception can improve access if it uses checkable evidence and is applied consistently. The exception should also be visible when residents apply, because eligibility has little value if people do not know it exists. Fairness therefore depends on both narrow qualification rules and practical access to them."
E126,model,95,"The center should keep the standard income rule but add a temporary exception for residents who can show recent major income loss. Source A supports narrow, evidence-based exceptions, while the program manager warns that broad discretion would create inconsistent decisions. If the table shows that many plausible exception cases never use the option, the center should also display the exception beside the normal eligibility rule. Applications should be reviewed after a limited period so that the exception responds to current hardship without becoming an undefined permanent category. This keeps the exception narrow and administratively reviewable."
E127,model,59,"The passage asks why complaints increased even though average sound levels fell. The answer is that average volume does not capture the full experience of noise. Short peaks, late timing, and irregular or unpredictable sounds may be more disturbing than a steady background level. Complaints therefore reflect the pattern and context of sound as well as its measured average."
E132,model,72,"The program was underused because interest alone did not remove practical barriers. Residents who knew the eligibility rules and could attend the original hours used the service far more often than those who lacked either condition. The center should first make the process predictable by clearly listing eligible items, likely costs, and booking steps, while keeping at least one accessible weekend session. Clear access matters more than simply repeating the environmental message."
E133,model,54,"The sentence fits at A because paragraph 1 has just contrasted average cooling with actual benefit to exposed people. The sentence names that contrast, and paragraph 2 immediately illustrates it with trees. At B, the idea would arrive after the example had already begun, so it would function more like repetition than a bridge."
E134,model,30,"Feeling familiar with material can overestimate learning, whereas effortful retrieval better tests access; when retrieval is appropriately difficult and repeated after delays, the resulting effort can support more durable memory."
E135,model,39,"The sentence belongs after the passengers’ mistaken assumption because “that explanation” refers to information the notice lacked, while the next sentence introduces the town’s response. Placing it later would make the reference less clear and weaken the problem-to-response sequence."
E136,model,49,"Option a is plausible because the passage mentions that residents may find vegetation attractive. However, paragraph 3 must prepare the shift from positive average results to limits across sites. A preference statement does not create that transition, so it fits the topic locally but fails the paragraph’s structural role."
E137,model,49,"Sentence X belongs in Passage A because “therefore” summarizes the earlier case for speed and usefulness before the text turns to risk. Sentence Y belongs in Passage B because “Such choices” directly refers to a translator’s wording decisions. Both passages support task-sensitive use, but the local reference chains differ."
E139,model,63,"The trial suggests that recurring events can activate underused public spaces, but the result depends on supporting conditions. In this town, the square was easy to reach and already had useful infrastructure. Popular businesses also gave residents a clear reason to attend. Other towns should therefore examine access and local participation before assuming that the same visible format will produce the same result."
E141,model,64,"Both proposals aim to make homework more useful, but they emphasize different strengths. An online platform gives immediate feedback and can adjust difficulty, though students may rely too heavily on hints. Written homework makes reasoning visible and works without reliable technology, but feedback is slower and marking takes time. Each approach is therefore more effective for some kinds of practice than for all homework."
E141,model,81,"The district should use both formats rather than choose only one. Online practice is useful for routine skills because students receive quick feedback and difficulty can be adjusted. Written homework is better when teachers need to inspect reasoning or when access to devices is unreliable. The school should therefore assign short online exercises after instruction and use fewer written tasks for explanation-heavy problems. This policy balances feedback speed, visible reasoning, and access without assuming that one format serves every learning goal."
E143,model,105,"The program should first add a simple real-time availability update for each pickup point. Donors or volunteers could mark when food has arrived without listing every item. This would address the uncertainty described in the article and User Comment C, and it may be especially useful at the library and community center, where a large share of donations is removed uncollected. The system should remain simple because detailed item tracking could create extra work and inaccurate information. Even with updates, the program cannot guarantee that food will still be available when a user arrives. The town could then compare pickup reliability before and after implementation."
E144,model,67,"The town is testing neighborhood batteries to reduce evening electricity peaks by storing daytime solar power. Participating areas showed meaningful reductions, especially on sunny days, and some residents also shifted electricity use earlier. However, performance varied with weather, and batteries did not remove the need for the grid. The sources therefore present storage as a tool for reducing peak pressure rather than a guarantee of energy independence."
E144,model,90,"The town should continue the trial if the batteries consistently reduce evening peak demand enough to improve grid operation. Peak reduction should be the main performance measure because that is the program’s stated purpose, not complete energy independence. However, the town should compare results across sunny and cloudy periods, since the table shows large variation in performance. It should also track whether behavioral changes contribute to the result. A longer trial would show whether useful peak reduction remains reliable across different conditions without assuming that batteries can replace the grid."
E145,model,60,"A repairability score describes how practical it is to fix a product after something fails. It may consider how easily the product opens, whether parts can be replaced separately, and whether instructions and components remain available. However, the score does not measure reliability or overall quality. Two products with the same score may also have different repair strengths and trade-offs."
E147,model,64,"Both systems aim to give employees more control over time while maintaining organizational coordination. Core hours allow workers to vary daily start and end times, though customer-facing roles may have less real flexibility and meetings can crowd the shared period. Compressed scheduling provides a predictable day off and fewer commuting days, but longer workdays may be demanding and can reduce overlap with outside organizations."
E147,model,78,"A core-hours system would probably suit this company better because frequent team meetings require reliable overlap, while limited customer-facing work means many employees could still adjust their schedules around the shared period. It also preserves normal-length workdays, which may be easier to sustain than compressed scheduling. However, managers should limit unnecessary meetings during core hours; otherwise the nominal flexibility could disappear. The policy should therefore be judged by both actual schedule control and the quality of team coordination."
E149,model,102,"The city should use the chatbot mainly for routine factual questions such as opening hours, standard document lists, and department directions. Questions about eligibility, conflicting records, or unusual exceptions should trigger transfer to staff. To reduce misunderstanding, every answer should show its official source and clearly state when it is only general guidance. The log data support this limited scope because routine questions have much lower correction rates than case-specific ones. However, the system still depends on current source pages and reliable transfer procedures, so staff oversight remains necessary. The city should also publish correction logs so recurring failure patterns remain visible."
E150,model,69,"A flexibility credit rewards households for voluntarily reducing or shifting nonessential electricity use during selected peak periods. The program targets timing rather than total daily consumption and does not require interruption of essential uses. Participation and reduction also vary across groups: more participants do not necessarily produce a larger reduction per household. The approach may lower peak pressure, but households differ in how easily they can shift electricity use."
E150,model,95,"The program should continue only if it produces meaningful peak-demand reduction at a reasonable cost. The town should measure total reduction during target periods, not participation alone, because the table shows that groups with more participants may reduce less per household. It should also track which households can participate without disrupting essential activities so that the program does not reward only those with highly flexible schedules. However, the current table does not show program costs or long-term behavior, so a longer evaluation is needed before judging overall value. That evidence would support a fairer decision."
E151,model,63,"The value of reversibility is the benefit of keeping a choice open when future information may affect what should be done. It becomes especially important when an early decision would be costly to undo. However, waiting is not automatically better, because delay also has costs. Reversibility matters most when new information is useful, commitment is difficult to reverse, and waiting remains reasonably affordable."
E153,model,72,"Both proposals aim to expand digital access while protecting fragile originals. Complete digitization would make future searching and remote use faster, but it requires substantial up-front staff time and may delay high-priority work. On-demand digitization targets demonstrated use and conserves resources, yet first-time access is slower and rare materials may remain hidden if users cannot discover them easily. The trade-off is therefore breadth and speed versus selective use of limited staff capacity."
E153,model,80,"The library should begin with on-demand digitization while improving the catalog so users can discover unscanned materials. This approach fits limited staffing because effort is directed toward items that users actually request, while remote access still expands over time. However, the library should also identify some fragile or historically important materials for proactive scanning, since request numbers alone may underestimate value. A mixed policy would therefore balance staff capacity, remote access, and the risk that low visibility hides meaningful demand."
E155,model,102,"The town should first increase locker capacity at the station rather than spend more on general advertising. The station already has the highest evening occupancy and the highest failed placement rate, while User A confirms that many residents find the location convenient. Adding compartments there would therefore address a demonstrated capacity problem. However, this change would not solve access problems at other sites, such as the community center’s early closing time. The town should evaluate whether failed placements fall after expansion before deciding whether additional lockers or different locations are needed elsewhere. This would separate capacity limits from location or timing problems."
E156,model,66,"A reserve margin is spare water-supply capacity kept above expected peak demand to protect against forecast error and temporary problems. It improves resilience but is not free, because excess capacity requires resources to maintain. The appropriate margin therefore depends on conditions such as forecast accuracy, demand variability, and backup reliability. Systems with greater uncertainty may justify a larger reserve, while more predictable systems may need less."
E156,model,95,"Planners should judge the reserve margin by whether it prevents shortages during realistic high-demand and equipment-failure scenarios without imposing excessive capacity costs. They should compare actual peak demand, forecast error, and backup performance with the amount of spare capacity maintained. A margin that is never used is not automatically wasteful if it protects against plausible disruption, but very large unused capacity may be inefficient. The current table only gives qualitative scenarios, so planners would still need long-term operating data and cost estimates before selecting a specific target. That comparison would make resilience costs more transparent."
E157,model,64,"Self-selection bias can occur when the decision to answer a survey is related to the experience being measured. In that case, respondents may not represent the entire population even if the percentage among them is precise. The clinic added phone interviews with selected non-responders to check whether the online respondents were unusual. This comparison could show whether the 91% satisfaction figure needs stronger qualification."
E159,model,69,"Both proposals aim to prevent academic difficulties, but they distribute support differently. A universal workshop reaches all first-year students and avoids missing hidden needs, though it may use staff time on students who need little help. Targeted support allows more intensive assistance for selected students, but its success depends on accurate identification and it may miss learners whose difficulties appear later. The trade-off is broad access versus concentrated support."
E159,model,86,"The university should combine a brief universal workshop with targeted follow-up rather than choose only one model. A short common session would ensure that every student receives basic strategies and information about help, while limited staff time could then be concentrated on students showing clearer need. The university should also allow self-referral later in the term so that students whose difficulties emerge gradually are not excluded. However, this mixed model would still require careful monitoring to prevent targeted sessions from being seen as punishment or labeling."
E161,model,109,"The operator should increase redistribution during the late morning instead of first buying more bicycles. The table shows that the railway and university stations lose many bicycles by midday, while the railway also records frequent failed returns. User comments confirm that both shortages and full docks affect real trips. A targeted redistribution run before lunchtime could move bicycles and create empty docks where demand is concentrated. However, redistribution requires staff time and may not solve sudden demand spikes. The operator should therefore test the added run and compare failed trips before making a larger investment in bicycles or docks. This would clarify whether operations, not supply, are limiting service."
E162,model,67,"The city distinguishes nominal coverage, based on distance, from effective coverage, which reflects whether residents can realistically use cooling centers. A coverage gap can appear when nearby sites have limited capacity, long queues, short hours, or weak transport access. Center C illustrates this problem because many residents live nearby despite severe practical constraints. However, the available data do not show individual travel ability or actual health outcomes."
E162,model,92,"The city should evaluate cooling-center access with both geographic and practical measures. It can continue tracking the number of residents within one kilometer, but it should also monitor peak queue time, capacity use, and operating hours during the hottest periods. This would identify places where nominal coverage looks strong but actual access is limited, as Center C suggests. The analysis should also include public-transport frequency where possible. However, the current table does not show who actually attempted to use each center or whether vulnerable residents were served, so access conclusions remain incomplete."
E163,model,67,"Regression to the mean occurs when an unusually extreme measurement is followed by a value closer to the usual level, partly because temporary influences do not repeat exactly. This can make an intervention appear more effective when people were selected for extreme starting scores. A comparison group chosen by the same rule, or repeated measurements before treatment, can help distinguish ordinary variation from a true intervention effect."
E165,model,69,"Both proposals aim to improve access to course content, but they differ in consistency and adaptability. Universal recording gives students predictable access and a reliable backup, though it may affect study habits and create review burdens for instructors. Selective recording can better match different course formats, especially discussion-based classes, but availability becomes less predictable and policy decisions may create administrative work. The trade-off is standardized access versus course-specific flexibility."
E165,model,86,"The university should guarantee some form of review access in every course but allow the format to vary. Lecture-based classes could publish full recordings automatically, while discussion-heavy classes could provide shorter review materials or edited recordings. This would support accessibility without forcing one format onto every teaching style. However, the university should publish clear course-level rules before registration so students know what to expect. The policy should therefore balance accessibility, instructional fit, and administrative simplicity rather than treating recording itself as the only measure of access."
E167,model,105,"The center should require users to reconfirm popular evening reservations several hours before use. The table shows that evening slots have both very high booking rates and relatively high no-show rates, while cancellations often occur only three to four hours before the reservation. User Comment C also suggests that very late releases are difficult for others to use. A confirmation rule could return unwanted rooms to the system earlier. However, it may inconvenience users whose plans change suddenly, so the rule should apply first only to high-demand evening slots and be tested before wider use. This would show whether earlier releases actually improve room reuse."
E168,model,67,"A service recovery margin is extra timetable time used to prevent small delays from spreading through later bus services. Its value depends on placement, especially near important connections, while excessive margin can slow schedules and reduce operating efficiency. Segment C appears vulnerable because it combines the largest average delay and the most affected connections with only one minute of recovery time. The margin cannot eliminate major disruptions."
E168,model,98,"The operator should place recovery time where small delays most often threaten multiple later connections. It should track average delay together with the number of transfers, driver changes, or vehicle assignments affected, rather than adding equal spare time everywhere. Segment C would be a priority for review, while Segment D may warrant testing whether some margin can be reduced. However, the table covers only average delay and connection counts, not severe-event frequency or passenger volumes. Any change should therefore be tested for both reliability improvement and added schedule time. That test should include both normal and disrupted days."
E169,model,66,"Base rates matter because a signal must be interpreted against how common the event already is. In the example, the system detects 90% of future failures, but failures are rare, so false alarms from the much larger group of healthy machines outnumber true alerts. A positive result is therefore useful for prioritizing inspection, but it should not be treated as proof that a machine will fail."
E171,model,67,"Both proposals seek to support verification and data reuse, but they balance openness and control differently. Automatic public release lowers access barriers and may improve transparency, yet sensitive combinations of variables and weak documentation can create risks. Staged access provides more oversight and context, but applications slow reuse, require staff time, and may disadvantage less-resourced researchers. The main trade-off is broad, predictable access versus greater case-by-case control."
E171,model,80,"The institute should automatically release well-documented, low-risk datasets while using staged access for datasets involving small groups or variables that could reveal sensitive information in combination. This would preserve independent verification where risk is limited without treating every dataset identically. Clear criteria should determine which route applies, and staged requests should be processed quickly to reduce unnecessary barriers. However, classification will still require judgment, so the institute should review disputed cases and publish the reasons for access restrictions whenever possible."
E173,model,103,"The program should require confirmation of popular evening appointments several hours before the visit. Central evening slots are almost fully booked, yet they also have the highest no-show rate and very late cancellations. User Comment B suggests that openings released at the last minute are difficult for other residents to use. Earlier confirmation could return unwanted slots to the system while there is still time to rearrange plans. However, this change would not solve transport barriers at the North clinic, so the program should evaluate booking efficiency separately from location access. That separation would show whether one intervention is solving the correct barrier."
E174,model,72,"Capacity headroom is spare network capacity kept above ordinary demand to absorb short peaks and temporary disruptions. It improves reliability but costs money because additional capacity may sit unused much of the time. Zone B illustrates why average utilization can be misleading: its average is moderate, yet peak use is high and event failures are frequent. The appropriate reserve therefore depends on peak demand, backup reliability, and the cost of service failure."
E174,model,96,"The operator should set headroom targets using peak demand rather than average utilization alone. It should compare each zone’s 95th-percentile load with maximum capacity and also consider whether a reliable backup link exists. Zone B deserves priority because its peaks approach capacity and event failures are already high. However, the table does not show the duration of peaks, user numbers, or the cost of adding capacity. The operator should therefore test proposed changes against both reliability during busy periods and the financial cost of maintaining additional reserve. A short pilot could test both performance and cost."
E175,model,65,"Survivorship bias occurs when conclusions are based mainly on cases that remain visible while disappeared cases are overlooked. The team’s original analysis could mislead because it examined only apps still listed after three years. Features common among those apps might also have been common among apps later removed. Recovering the original release group helps test this possibility, although apps with unclear status still leave uncertainty."
E177,model,69,"Both proposals provide digital learning support but balance access and control differently. Free use gives students help whenever needed and may reduce unequal access to tutoring, yet it can encourage dependence and make assessed performance harder to interpret. Task-limited use creates clearer boundaries for independent work, but rules may vary across courses and require additional staff planning. The central trade-off is broad access versus predictable limits on supported work."
E177,model,79,"The university should allow broad use for ungraded study while requiring clear course-level rules for assessed tasks. Students could use the tool for terminology, planning, and practice, but instructors should specify when submitted work must be completed independently. This preserves access to support while making assessment expectations easier to interpret. However, the university should keep the rule system simple and consistent across courses where possible; otherwise students may spend more effort understanding policy differences than using the support effectively."
E179,model,103,"The town should first extend the Community Center’s pickup window on selected days rather than seek more contributions. The site already receives many items, but only 69% are collected locally, and User B reports that the 18:00 closing time makes access difficult after work. A later pickup period could match existing supply with resident availability and reduce the need to transfer items elsewhere. However, longer hours would require additional staffing, so the town should test the change on high-volume days and compare collection rates before expanding it permanently. That comparison would show whether longer hours improve access enough to justify the staffing cost."
E180,model,65,"A freshness window is the period during which an update remains suitable for a current choice without further confirmation. Its length depends on how quickly conditions change, the inconvenience of stale information, refresh capacity, and alternative confirmation methods. Shorter windows can improve usefulness but require more updating effort. Printer availability may deserve review because it changes quickly while the current refresh interval is relatively long."
E180,model,95,"The service should set refresh frequency by combining observed change speed with the inconvenience caused by stale information. Rapidly changing statuses, such as study-room seats or printer availability, should be refreshed more often than slow-changing information such as library hours. The service should also consider whether users can easily confirm the status another way before increasing update frequency. However, the table does not show how often each status actually changes during different times of day, so the service should collect those data before setting final intervals. That would prevent unnecessary updates from consuming staff capacity."
E183,model,69,"Both proposals investigate library use but emphasize different strengths. A single large survey offers broad coverage and easy subgroup comparison, yet it relies on students’ memory of the semester. Repeated small surveys and observations capture changes over time and can reveal period-specific crowding, but they require more coordination and may miss users outside fixed observation times. The main trade-off is broad one-time coverage versus more detailed measurement of change."
E183,model,95,"I would combine repeated observation with a smaller end-of-semester survey. Repeated measurements would show when demand changes, which is important for revising opening hours, while direct counts could check whether reported crowding matches actual use at selected times. A final survey could then add broader coverage across departments and identify groups missed by repeated samples. The main limitation is complexity: collecting several rounds of data requires more staff effort and may lower participation over time. The university should therefore keep each repeated questionnaire very short. This mixed design would balance timing information with broader coverage."
E185,model,103,"The data suggest that extremely short or very long review gaps may be less effective than moderate spacing, since Group B achieved the highest delayed score. One possible mechanism is that partial forgetting makes later retrieval more effortful, and successful retrieval may strengthen memory. However, the data are observational: students chose their own schedules, and the groups also differed in review frequency and possibly motivation or prior knowledge. Before recommending a specific interval, the course should compare assigned schedules while keeping the number of reviews and other study conditions as similar as possible. That design would better isolate the effect of spacing itself."
E186,model,74,"The archive uses three digital layers for different purposes. Page images preserve the closest visual record but are slow to search. OCR text helps researchers locate candidate pages quickly, although recognition errors can hide relevant material. Normalized transcripts make older writing easier to read and compare, but editorial changes may remove variation that matters for some questions. Linking both text layers to page images allows convenience without treating transformed text as the final authority."
E186,model,94,"A researcher should begin with OCR text to search many notebooks quickly and identify likely relevant pages. A normalized transcript can then help interpret difficult handwriting or abbreviations, but the researcher should check every quotation against the linked page image before using it. This workflow combines speed with fidelity: searchable text reduces the time needed to locate material, while the image preserves the original wording and visual evidence. The trade-off is extra verification time, but that cost is justified when quotation accuracy matters more than simply finding references. That verification step should remain mandatory."
E187,model,74,"Expert explanations can fail because specialists often stop noticing reasoning steps that have become automatic through practice. As a result, an explanation may be factually correct and use simple words while still depending on assumptions that a learner does not share. One way to improve it is to identify the inference the audience must make and reconstruct only the missing steps needed to reach it. However, making every step explicit can also create overload."
E189,model,74,"Anonymous and open peer feedback pursue the same goal but create different trade-offs. Anonymity can reduce social pressure and status effects, encouraging more candid criticism, yet reviewers may feel less accountable for vague comments. Open feedback supports follow-up discussion and stronger justification, but visible identity can discourage criticism when students differ in confidence or status. The key comparison is therefore not privacy versus openness alone, but candor, accountability, and the ability to clarify comments."
E189,model,84,"I would use anonymous first-round comments followed by an optional structured clarification stage. Anonymity can make students more willing to identify weaknesses, while a requirement to give reasons and examples would preserve some accountability. Authors who need clarification could submit a question that the reviewer answers without immediately revealing identity. This system balances candor with justification better than either complete anonymity or fully open review. However, if repeated exchanges become necessary, the course may need named discussion so that misunderstandings can be resolved efficiently."
E192,model,74,"Volunteer observations can expand scientific coverage, but large record numbers alone do not guarantee reliable evidence. The project improved its early sighting database by recording observation effort and whether volunteers submitted complete species lists. This allows researchers to model the reporting process as well as bird occurrence. However, isolated rare-species reports often lack comparable effort data. Complete lists therefore best support relative-frequency comparisons, while rare-species reports are more useful for locating candidates for follow-up."
E192,model,91,"A research team should use volunteer observations for abundance research only when the records include comparable information about observation effort and reporting completeness. Complete lists are useful because researchers can adjust comparisons for time and search effort, while the large number of observations expands geographic coverage. However, partial lists and isolated rare-species reports should not be mixed directly into abundance estimates because they are produced by different reporting behavior. The team should therefore base abundance analyses mainly on complete lists and use other record types for presence evidence or follow-up locations."
E193,model,65,A checklist can fail when users treat marking boxes as the goal instead of checking the underlying condition. This is especially risky when an item requires judgment rather than simple observation. A person may technically complete every line while missing the reasoning the checklist was meant to support. The list must therefore fit both the decision and the time at which the decision is made.
E195,model,77,"Strict preservation seeks to protect historic evidence by minimizing irreversible changes to materials and layout, although necessary repairs are allowed. Adaptive reuse gives greater weight to continued practical use, arguing that an unused building may eventually be neglected or demolished. It therefore accepts larger changes when they help keep the structure viable. The central trade-off is between preserving original features and allowing modifications that support long-term use, while both approaches require judgments about which changes are acceptable."
E195,model,93,"I would allow adaptive reuse of the old station while protecting a defined set of historically important features. The passages show that an unused building can become vulnerable to neglect, so a new function may help finance maintenance and keep the site active. At the same time, irreversible changes can destroy historical evidence. The city should therefore identify essential exterior and interior features before approving alterations and require new additions to be as reversible as practical. This policy uses continued use to support preservation rather than treating the two goals as complete opposites."
E197,model,103,"Automatic enrollment in reminder messages is reasonable if the messages are low-risk, easy to stop, and clearly disclosed when equipment is borrowed. The passage suggests that defaults can help by reducing the effort required to choose a generally useful option, but staying with a default does not prove that users prefer it. The library should therefore provide a simple opt-out link and explain that enrollment is automatic. If many students report unwanted messages or reminders create important privacy concerns, the system should be revised rather than treating high enrollment as evidence of satisfaction. The policy should also state how complaints will be reviewed."
E198,model,74,"Maps necessarily simplify reality by selecting which details to display. This can improve clarity, but users may misinterpret omitted roads, sharp boundaries, or missing uncertainty as if they did not exist. Digital maps therefore use different layers and scales for different tasks. The key principle is fitness for purpose: a map should be judged by whether the information it suppresses matters for the decision being made, not simply by how much detail it contains."
E198,model,94,"A school should provide several task-specific campus maps rather than one simplified map for every purpose. A general navigation version could emphasize major paths and building names, making quick movement easier. Separate accessibility or emergency maps could show elevators, ramps, restricted areas, or evacuation routes that would clutter the basic version. The source set shows that simplification is useful only when omitted details are irrelevant to the task. The school should therefore keep the maps linked and clearly labeled so students know when a different layer is needed. That separation keeps each map usable."
E202,model,74,"Fast and deliberate decisions solve the same problem in different ways. Rapid judgment can reduce costly delay and may work well when a decision maker has relevant experience and reliable feedback, but speed can also reflect bias or habit. Deliberate analysis is more useful for unfamiliar, complex, or high-stakes choices, although continued information gathering can waste time. The key trade-off is therefore between the value of additional analysis and the cost of delaying action."
E202,model,101,"The committee should use deliberate analysis because the system is new, non-urgent, and likely to affect several groups. It should compare costs, workflow effects, training needs, and failure risks rather than relying on a quick impression. However, the passages also show that more analysis is not automatically better. The committee should stop gathering information once the major criteria are covered and new evidence is unlikely to change the ranking of realistic options. At that point, continued delay would add cost without materially improving the decision. This stopping rule would preserve careful judgment without turning analysis itself into the source of delay."
E203,model,94,"The next step should be to reconstruct monthly ferry use from independent records, such as newspaper schedules, company accounts, or bridge traffic reports. This would address two major limitations: missing ticket books in 1914 and 1920, and the inability of annual weather counts to show when demand changed. If researchers could estimate monthly ferry activity and match it with bridge use and specific weather events, they could distinguish a gradual decline after the bridge opened from short-term drops caused by storms. The goal should be improved temporal resolution, not simply collecting more annual totals."
E204,model,78,"The rail agency’s reliability index rose after a timetable change, showing overall improvement but hiding mixed component results: on-time performance and disruption recovery improved while cancellation control declined slightly. The index is useful for monitoring, yet it compresses distinctions that may matter for decisions. In addition, the later period had fewer severe storms, so the score increase cannot be attributed entirely to the timetable. The agency should therefore use the index as a starting point for deeper analysis."
E204,model,102,"The agency should keep the new timetable provisionally while collecting stronger comparative evidence. The overall reliability score increased from 82 to 86, and both on-time arrival and recovery after disruption improved, so the change may be useful. However, cancellation control fell slightly, and the later period also had fewer severe storms. Before making the timetable permanent, the agency should compare performance across periods with similar weather and examine each component separately. If the gains in punctuality and recovery remain without a meaningful increase in cancellations, retaining the timetable would be justified. That comparison would provide a stronger basis for a final decision."
E208,model,99,"Universities should address lack of sleep first because it affects both learning and health every day. Long commuting time is serious, but it does not affect every student, while poor sleep can result from study, work, or smartphone use across many situations. A student who sleeps only four hours may attend class but still fail to concentrate, remember new material, or make good decisions. Universities cannot control when students sleep, but they can reduce late deadlines, teach realistic sleep habits, and avoid schedules that encourage chronic sleep loss. These steps could improve several parts of student life at once."
E210,model,103,"The university should show crowding forecasts as ranges, such as low, medium, or high, rather than as guaranteed numbers. This would help students choose quieter spaces while reminding them that the forecast itself may change behavior. If everyone sees that one floor will be crowded, many students may move elsewhere and create new congestion. The system should therefore update forecasts after major shifts and compare predictions with actual use. Presenting the information as conditional would preserve its practical value without suggesting false precision. Students could still use the forecast, but they would understand that their responses become part of the system being predicted."
E212,model,104,"Design B is better because the summary can guide attention without replacing information that may matter. A short summary could place the deadline and required action first, helping students who would otherwise ignore a long notice. However, an AI system may omit a rare exception. For example, a scholarship email might have a different deadline for international students. Keeping the original notice immediately below the summary allows those students to verify the condition before acting. The university should also label the summary as incomplete. This design gains the convenience of compression while reducing the risk of treating a reduced representation as the whole message."
E213,model,107,"The university should first group the ten plans by meaningful criteria, such as cost, flexibility, and meal frequency, and show one typical option in each group. This reduces the number of comparisons students must make before they know which differences matter. A student who cares mainly about low cost could start with that group instead of comparing all ten plans. Students with less common needs should still be able to open a full list or filter by special conditions. The goal is not to remove choice, but to organize it so that uncertain first-year students can compare options without pretending that one plan is best for everyone."
E214,model,100,"Two conditions are essential. First, participation should be voluntary, and wearable data should be treated as a proxy rather than a direct measure of health. A sleep estimate, for example, may be affected by movement patterns or device fit even when the student feels exhausted. Second, advice should combine device data with another source of evidence, such as a student report or clinical consultation when necessary. The university should also explain uncertainty instead of presenting one number as a diagnosis. These safeguards matter because a measured signal can change for reasons unrelated to the condition it is supposed to represent."
E216,model,104,"The university should combine a common exam, a practical assignment, and a short explanation of the student's reasoning. The exam gives comparable evidence across students, while the assignment shows whether knowledge can be applied. The explanation can reveal understanding that a score alone may miss. For example, students might memorize facts well enough to raise test scores without becoming better at solving unfamiliar problems. Using several measures makes that strategy less effective because improvement must appear in different forms of evidence. No measure is complete, so the university should treat each one as evidence about learning rather than as the definition of learning itself."
E218,model,104,"System B offers the best balance. If both names are visible, as in system A, students may soften criticism to protect friendships or reputation. Full anonymity in system C removes that pressure, but it also weakens accountability because careless comments are difficult to trace. Under system B, students are anonymous to each other, so they can criticize a draft more freely, while the instructor can still identify a reviewer who writes an unsupported or hostile comment. The review form should also require one specific problem and one suggested revision. This design reduces social pressure without allowing anonymity to become an excuse for low-quality feedback."
E219,model,106,"Recordings should be available after class, but access should be paired with a weekly task that requires students to use the course regularly. This gives students flexibility when they are ill or need to review a difficult explanation without turning recordings into an excuse to postpone the whole course. For example, each week students could answer two short questions based on that week's lectures. If someone waits until the final week to watch everything, those deadlines would reveal the problem early. The policy should therefore treat recordings as a backup and review tool, while the recurring task keeps students connected to the pace of the class."
E220,model,102,"The project grade could be 70 percent group work and 30 percent individual evidence. The group score would reward the quality of the final product and the team's ability to coordinate, which are genuine goals of collaborative work. The individual score could come from a short oral explanation and a reflection describing each student's contribution. For example, two students might receive the same group score, but a student who cannot explain the method used in the project would lose individual points. This system preserves an incentive to cooperate while giving the instructor separate evidence of what each student actually contributed and learned."
E221,model,105,"The university should guarantee access to campus housing but not require every first-year student to live there. Instead, all first-year students should join a small orientation group that meets several times during the first semester. This supports social connection directly rather than using residence as a rough substitute for it. A commuter who lives with family could join the same group activities as students in dormitories without paying for unnecessary housing. Students with caregiving, financial, or accessibility constraints should also be allowed alternatives. The policy would preserve opportunities to build community while recognizing that the same living arrangement creates very different costs for different students."
E222,model,104,"The university should require one course outside a student's main field during the first two years and let students choose from a broad list. The purpose should be to practice a different way of asking questions, not simply to accumulate unrelated credits. For example, a science student might take ethics and examine how evidence, values, and social consequences interact. One course is enough to create that exposure without taking substantial time from specialized study. Departments should also approve several options that connect naturally with their own fields. This structure makes breadth a deliberate learning goal while leaving most of the curriculum available for depth."
E223,model,103,"Grade distributions should be published with the response context: the assessment method, major assignment types, class size, and an explanation that past grades are not a complete measure of course quality. Without that context, students may treat a high average as evidence that a course is easy or good. For example, a demanding seminar with strong students could show high grades for a very different reason. Publishing only the distribution would turn a proxy into the outcome itself. Adding course goals and grading methods would help students interpret what the numbers represent and what they leave out before using them to choose classes."
E224,model,101,"The central library should receive 24-hour access before gyms or ordinary classrooms because it supports a wider range of academic needs, including late study and work between irregular schedules. The service should continue only when overnight demand is high enough to justify staffing and security costs. For example, the university could keep one floor open, require student-ID entry, and review usage data each term. If very few students use the space, hours should be reduced rather than keeping the policy permanently. Prioritizing one central facility provides flexibility while avoiding the cost and security burden of opening many buildings throughout the night."
E225,model,109,AI should be allowed when it supports a student's reasoning but not when it replaces the reasoning or writing being assessed. Asking a tool to suggest counterarguments or identify an unclear sentence is acceptable because the student still evaluates the ideas and produces the final argument. Submitting AI-generated paragraphs as original work should not be allowed when the assignment is meant to test writing ability. Students should briefly disclose what tool they used and for what purpose. Instructors could also ask for notes or a short oral explanation when authorship is uncertain. This boundary separates assistance from substitution by focusing on the skill the assignment is supposed to measure.
E226,model,104,"Attendance should affect grades only when being present is necessary to demonstrate the skill the course is assessing. In a laboratory, clinical exercise, or discussion class, participation produces evidence that cannot be replaced by reading notes later. A large lecture is different: if students can demonstrate the same knowledge on assignments and exams, attendance itself should not earn points. For example, missing a patient-interview practice session may justify losing participation credit, while missing a recorded lecture should not. Courses should also allow reasonable exceptions for illness or emergencies. The rule should measure required learning activity rather than punish absence as an end in itself."
E227,model,104,"Activities that mainly deliver information can move online, while activities whose value depends on immediate interaction should remain face to face. A large lecture explaining established concepts could be streamed because students can receive the same content without traveling to campus. A laboratory, clinical exercise, or small discussion should stay in person because students must respond to equipment or other people in real time. The university should therefore classify activities by what students must actually do, not by course title. This principle keeps the flexibility of online teaching while protecting forms of learning that lose important information or practice when moved to a screen."
E228,model,108,"The seminar should focus on evaluating and using evidence across fields. A sample task could ask students to read a short article, identify its main claim, and write a response that supports or challenges the claim with specific evidence. That skill transfers to science, humanities, and professional courses because students in all fields must distinguish claims from support. To avoid becoming extra general workload, the seminar should stay small and use examples chosen by each department. The requirement should assess one transferable process rather than cover many unrelated topics. This would give first-year students a common academic foundation while allowing the content to remain relevant to their field."
E229,model,105,"Students should see response rates, summary ratings for several dimensions, and recurring themes from written comments, but not raw comments that could identify individuals or give one extreme opinion too much weight. The page should also state that course evaluations measure student perceptions, not teaching quality directly. For example, a course with a low workload rating might still require difficult independent study. Showing only one average score could hide that difference. Summarizing several indicators and reporting how many students responded would make the evidence easier to interpret while reducing the chance that a small or unusual group is treated as representative of the whole class."
E230,model,102,"Students could choose between two preset weighting plans: 60 percent exams and 40 percent assignments, or 40 percent exams and 60 percent assignments. Everyone would still complete both forms of assessment, and the choice would have to be made before the first major score is returned. These rules preserve comparability because every student is judged on the same two skills within a limited range. Complete freedom would let students avoid whichever assessment exposes a weakness and would make final grades mean different things across students. A constrained choice provides flexibility without turning the grading system into a different course for each person."
E231,model,105,"The reflection should ask two questions: What caused your most important error, and what will you change before the next assessment? Students should receive credit for giving a specific explanation and a realistic next action, not for claiming that they worked hard or felt disappointed. For example, a student who lost points through rushed reading might plan to reserve five minutes for checking question wording next time. The task should be brief and worth only a small amount of credit. Grading specificity rather than self-praise would make the reflection useful for future improvement and reduce the incentive to write empty comments that simply sound responsible."
E232,model,100,"Students should be allowed to add or drop courses without penalty during the first two weeks, but after that point changes should require a documented reason. This gives students enough time to discover whether a course matches their preparation and workload. At the same time, a firm deadline prevents students from holding scarce seats while other students remain unable to enroll. For example, a student could try two overlapping electives during week one but would need to release one seat before week three. The rule protects useful exploration while limiting the scheduling and teaching costs created by unlimited late changes."
E233,model,106,"The university should display crowding as a range, such as low, medium, or high, together with the time of the latest update. Exact numbers may suggest more certainty than the estimate deserves, and the information itself can change where students go. For example, a library labeled very crowded may quickly become less crowded if many students choose another space. The system should therefore refresh frequently and avoid identifying individual users. It could also show several nearby alternatives instead of directing everyone to one location. This design would help students act on the information while reducing privacy risk, false precision, and crowding created by the forecast itself."
E234,model,101,"The requirement should apply only if the activity has a clear educational purpose and students can meet it through several approved routes. The goal should be to connect academic knowledge with real community problems, not simply to require unpaid service. For example, students might tutor schoolchildren, support a health survey, or analyze data for a nonprofit. The university should provide alternatives or exemptions for students whose paid work, caregiving, disability, or travel limits make a standard placement difficult. These conditions keep the requirement focused on learning while preventing one fixed activity from imposing very different costs on students with different circumstances."
