idea_id,label,decision,target_material,rationale,action
IDEA0001,地域差は人材だけでなく制度・インフラにも左右される,Transfer-only,E113,E001では複数要因がすでに明示。E113で医療アクセス→健診参加障壁へ構造要因の見方が移るため、転用接続だけ価値が高い,Revise
IDEA0003,技術はアクセスを改善しても対面サービスを完全代替しない,No revision,,E002とE009がタイトル・本文ともreplace/complementを明示しており、追加ブロックは重複,Keep implicit
IDEA0018,高リスク領域ではhuman oversightが重要になる,Transfer-only,E149,E009でhuman oversightは十分明示。E149では医療AI→公共AIへrisk-proportionate oversightが転用されるため接続価値が高い,Revise
IDEA0020,プライバシー保護と利便性には交換関係がある,No revision,,E008の中心テーマそのもの。E070もprivacy/accountabilityの比較を本文内で十分処理している,Keep implicit
IDEA0026,初期費用と長期便益を分ける,No revision,,E010の題名・本文で時間軸が明示。E217はより精密にはcounterfactual prevention evaluationであり、旧ラベルを重ねると概念が粗くなる,Keep implicit
IDEA0035,労働市場変化では職種よりtaskの変化を見る,No revision,,E016がタイトルからtask/jobを明示。E061の主目的はevidence scopeであり、追加タグは焦点を分散させる,Keep implicit
IDEA0041,公共予算は機会費用を伴う,No revision,,E020でopportunity costを名称つきで直接教授。E032もselection criterionを明示しており追加説明は不要,Keep implicit
IDEA0042,参加と説明責任は制度への信頼に関係する,No revision,,E039はaccountabilityを直接教授し、E189はcandor/accountability比較が主目的。legitimacyまで同一ラベルで束ねると転用がやや広すぎる,Keep implicit
IDEA0043,保存と開発は完全な二者択一ではない,No revision,,E028でadaptive reuseを明示し、E195も同じ対立軸を本文連動作文へ使うため、概念は既に可視,Keep implicit
IDEA0049,危機前の投資は成果が見えにくい,Transfer-only,E217,E011でinvisible prevention benefitを明示済み。E217ではbridge/software maintenanceへ移り、counterfactualまで発展するため再会接続が有効,Revise
IDEA0054,公的資金は便益の広がりと代替用途で評価する,No revision,,E033でpublic benefitとopportunity costを明示。E093はcriteria-based prioritizationが主目的で、追加は重複,Keep implicit
IDEA0055,便益とリスクは別々でなく同じ判断枠で比較する,Transfer-only,E151,E035でbenefit-risk frameは明示済み。E151でuncertaintyにreversibilityとdelay costを足すため、発展的転用として価値が高い,Revise
IDEA0011,格差には個人要因と構造要因がある,No revision,,E004で個人要因と構造要因を直接教授。E113には同系統のIDEA0001 transfer blockが既にあり、IDEA0011まで重ねると1教材に概念ラベルが過密になる,Keep implicit
IDEA0047,機械翻訳は速度と費用を改善しても文脈判断に限界がある,No revision,,E017で速度・費用と文脈判断の限界を明示し、E110で高リスク用途ではqualified reviewが必要という形へ自然に転用済み。追加Post-solveは重複,Keep implicit
