material_id,phase,writing_type,old_wq_ids,new_wq_ids,reason
E001,P1,WF01,"WQ01,WQ02","WQ00,WQ01,WQ02",WQ00 is defined as the always-on Task fulfillment gate for all writing
E002,P1,WF03,WQ01,"WQ00,WQ01",WQ00 is defined as the always-on Task fulfillment gate for all writing
E003,P1,WF01,WQ01,"WQ00,WQ01",WQ00 is defined as the always-on Task fulfillment gate for all writing
E004,P1,WF03,WQ01,"WQ00,WQ01",WQ00 is defined as the always-on Task fulfillment gate for all writing
E005,P1,WF03,WQ01,"WQ00,WQ01",WQ00 is defined as the always-on Task fulfillment gate for all writing
E007,P1,WF02,"WQ01,WQ02","WQ00,WQ01,WQ02",WQ00 is defined as the always-on Task fulfillment gate for all writing
E008,P1,WF01,"WQ01,WQ02","WQ00,WQ01,WQ02",WQ00 is defined as the always-on Task fulfillment gate for all writing
E009,P1,WF02,"WQ01,WQ02","WQ00,WQ01,WQ02",WQ00 is defined as the always-on Task fulfillment gate for all writing
E010,P1,WF02,"WQ01,WQ02","WQ00,WQ01,WQ02",WQ00 is defined as the always-on Task fulfillment gate for all writing
E011,P1,WF02,"WQ01,WQ02","WQ00,WQ01,WQ02",WQ00 is defined as the always-on Task fulfillment gate for all writing
E013,P1,WF03,"WQ01,WQ02","WQ00,WQ01,WQ02",WQ00 is defined as the always-on Task fulfillment gate for all writing
E014,P1,WF01,WQ01,"WQ00,WQ01",WQ00 is defined as the always-on Task fulfillment gate for all writing
E015,P1,WF02,"WQ01,WQ02","WQ00,WQ01,WQ02",WQ00 is defined as the always-on Task fulfillment gate for all writing
E016,P1,WF02,"WQ01,WQ02","WQ00,WQ01,WQ02",WQ00 is defined as the always-on Task fulfillment gate for all writing
E017,P1,WF02,"WQ01,WQ02","WQ00,WQ01,WQ02",WQ00 is defined as the always-on Task fulfillment gate for all writing
E019,P1,WF03,"WQ01,WQ02","WQ00,WQ01,WQ02",WQ00 is defined as the always-on Task fulfillment gate for all writing
E020,P1,WF01,WQ01,"WQ00,WQ01",WQ00 is defined as the always-on Task fulfillment gate for all writing
E021,P1,WF02,"WQ01,WQ02","WQ00,WQ01,WQ02",WQ00 is defined as the always-on Task fulfillment gate for all writing
E022,P1,WF02,"WQ01,WQ02","WQ00,WQ01,WQ02",WQ00 is defined as the always-on Task fulfillment gate for all writing
E023,P1,WF01,WQ01,"WQ00,WQ01",WQ00 is defined as the always-on Task fulfillment gate for all writing
E025,P1,WF03,"WQ01,WQ02","WQ00,WQ01,WQ02",WQ00 is defined as the always-on Task fulfillment gate for all writing
E026,P1,WF01,WQ01,"WQ00,WQ01",WQ00 is defined as the always-on Task fulfillment gate for all writing
E027,P1,WF02,"WQ01,WQ02","WQ00,WQ01,WQ02",WQ00 is defined as the always-on Task fulfillment gate for all writing
E028,P1,WF02,"WQ01,WQ02","WQ00,WQ01,WQ02",WQ00 is defined as the always-on Task fulfillment gate for all writing
E029,P1,WF02,"WQ01,WQ02","WQ00,WQ01,WQ02",WQ00 is defined as the always-on Task fulfillment gate for all writing
E031,P1,WF02,"WQ01,WQ02","WQ00,WQ01,WQ02",WQ00 is defined as the always-on Task fulfillment gate for all writing
E032,P1,WF01,WQ01,"WQ00,WQ01",WQ00 is defined as the always-on Task fulfillment gate for all writing
E033,P1,WF02,"WQ01,WQ02","WQ00,WQ01,WQ02",WQ00 is defined as the always-on Task fulfillment gate for all writing
E034,P1,WF01,WQ01,"WQ00,WQ01",WQ00 is defined as the always-on Task fulfillment gate for all writing
E035,P1,WF02,"WQ01,WQ02","WQ00,WQ01,WQ02",WQ00 is defined as the always-on Task fulfillment gate for all writing
E037,P1,WF02,"WQ01,WQ02","WQ00,WQ01,WQ02",WQ00 is defined as the always-on Task fulfillment gate for all writing
E038,P1,WF01,WQ01,"WQ00,WQ01",WQ00 is defined as the always-on Task fulfillment gate for all writing
E039,P1,WF02,"WQ01,WQ02","WQ00,WQ01,WQ02",WQ00 is defined as the always-on Task fulfillment gate for all writing
E040,P1,WF01,WQ01,"WQ00,WQ01",WQ00 is defined as the always-on Task fulfillment gate for all writing
E041,P1,WF02,"WQ01,WQ02","WQ00,WQ01,WQ02",WQ00 is defined as the always-on Task fulfillment gate for all writing
